state,lga,aa,adc,adp,apc,apga,apm,app,lp,nnpp,nrm,pdp,sdp,ypp,valid,rejected,total,reg_voters,acc_voters
Ebonyi,Ishielu,7,74,32,10682,3698,22,9,562,63,20,5207,3,21,20400,632,21032,125173,21046
Ebonyi,Afikpo North,56,82,49,11883,3626,14,5,697,70,28,10317,26,27,26880,636,27516,110411,27571
Ebonyi,Ikwo,12,68,104,19967,5770,34,10,410,69,47,11588,10,24,38113,1042,39155,163433,39155
Ebonyi,Onicha,127,38,26,5140,1854,8,6,651,16,33,15503,4,6,23412,502,23914,124393,24095
Ebonyi,Ivo,3,24,17,6459,209,6,1,615,101,20,3111,2,10,10578,309,10887,61997,10888
Ebonyi,Izzi,5,36,34,49481,94,13,4,333,28,8,1429,2,39,51506,353,51859,166608,51869
Ebonyi,Ohaozara,10,35,30,10903,1077,10,27,358,10,42,5003,2,5,17512,543,18055,90467,18168
Ebonyi,Ezza North,68,27,34,3285,16765,34,13,454,33,13,2344,29,6,23105,514,23619,109285,23619
Ebonyi,Ebonyi,49,32,56,20876,3221,7,7,543,79,11,3056,5,29,27971,415,28386,130082,28393
