state,label,url,file,ok,reason
Abia,aba north-aba south,https://www.inecnigeria.org/wp-content/uploads/2024/05/ABA-NORTH-ABA-SOUTH.pdf,Abia_ABA-NORTH-ABA-SOUTH.pdf,True,
Abia,arochukwu-ohafia,https://www.inecnigeria.org/wp-content/uploads/2024/05/AROCHUKWU-OHAFIA.pdf,Abia_AROCHUKWU-OHAFIA.pdf,True,
Abia,bende,https://www.inecnigeria.org/wp-content/uploads/2024/05/BENDE.pdf,Abia_BENDE.pdf,True,
Abia,isiala ngwa n.- isiala ngwa s,https://www.inecnigeria.org/wp-content/uploads/2024/05/ISIALA-NGWA-N.-ISIALA-NGWA-S.pdf,Abia_ISIALA-NGWA-N.-ISIALA-NGWA-S.pdf,True,
Abia,isuikwuato-umunneochi,https://www.inecnigeria.org/wp-content/uploads/2024/05/ISUIKWUATO-UMUNNEOCHI.pdf,Abia_ISUIKWUATO-UMUNNEOCHI.pdf,True,
Abia,obingwa-ugwunagbo-osisioma,https://www.inecnigeria.org/wp-content/uploads/2024/05/OBINGWA-UGWUNAGBO-OSISIOMA.pdf,Abia_OBINGWA-UGWUNAGBO-OSISIOMA.pdf,True,
Abia,ukwa east-west,https://www.inecnigeria.org/wp-content/uploads/2024/05/UKWA-EAST-WEST.pdf,Abia_UKWA-EAST-WEST.pdf,True,
Abia,umuahia n.s. ikwuano,https://www.inecnigeria.org/wp-content/uploads/2024/05/UMUAHIA-N.S.-IKWUANO.pdf,Abia_UMUAHIA-N.S.-IKWUANO.pdf,True,
Adamawa,demsa numan lamurde,https://www.inecnigeria.org/wp-content/uploads/2024/05/DEMSA-NUMAN-LAMURDE.pdf,Adamawa_DEMSA-NUMAN-LAMURDE.pdf,True,
Adamawa,fufore song,https://www.inecnigeria.org/wp-content/uploads/2024/05/FUFORE-SONG.pdf,Adamawa_FUFORE-SONG.pdf,True,
Adamawa,gombi hong,https://www.inecnigeria.org/wp-content/uploads/2024/05/GOMBI-HONG.pdf,Adamawa_GOMBI-HONG.pdf,True,
Adamawa,guyuk shelleng,https://www.inecnigeria.org/wp-content/uploads/2024/05/GUYUK-SHELLENG.pdf,Adamawa_GUYUK-SHELLENG.pdf,True,
Adamawa,madagali michica,https://www.inecnigeria.org/wp-content/uploads/2024/05/MADAGALI-MICHICA.pdf,Adamawa_MADAGALI-MICHICA.pdf,True,
Adamawa,maiha mubi north mubi south,https://www.inecnigeria.org/wp-content/uploads/2024/05/MAIHA-MUBI-NORTH-MUBI-SOUTH.pdf,Adamawa_MAIHA-MUBI-NORTH-MUBI-SOUTH.pdf,True,
Adamawa,mayo belwa aganye jada toungo,https://www.inecnigeria.org/wp-content/uploads/2024/05/MAYO-BELWA-AGANYE-JADA-TOUNGO.pdf,Adamawa_MAYO-BELWA-AGANYE-JADA-TOUNGO.pdf,True,
Adamawa,yola north yola south gire,https://www.inecnigeria.org/wp-content/uploads/2024/05/YOLA-NORTH-YOLA-SOUTH-GIRE.pdf,Adamawa_YOLA-NORTH-YOLA-SOUTH-GIRE.pdf,True,
Akwa Ibom,abak etim epo ika,https://www.inecnigeria.org/wp-content/uploads/2024/05/ABAK-ETIM-EPO-IKA.pdf,Akwa-Ibom_ABAK-ETIM-EPO-IKA.pdf,True,
Akwa Ibom,akwa ibo,https://www.inecnigeria.org/wp-content/uploads/2024/05/AKWA-IBOM-FC.pdf,Akwa-Ibom_AKWA-IBOM-FC.pdf,True,
Akwa Ibom,eket onna esit eket ibeno,https://www.inecnigeria.org/wp-content/uploads/2024/05/EKET-ONNA-ESIT-EKET-IBENO.pdf,Akwa-Ibom_EKET-ONNA-ESIT-EKET-IBENO.pdf,True,
Akwa Ibom,etinan nsit ibom nsit ubium,https://www.inecnigeria.org/wp-content/uploads/2019/10/ETINAN-NSIT-IBOM-NSIT-UBIUM.pdf,Akwa-Ibom_ETINAN-NSIT-IBOM-NSIT-UBIUM.pdf,True,fixed manually (index page link was broken)
Akwa Ibom,ikono ini,https://www.inecnigeria.org/wp-content/uploads/2024/05/IKONO-INI.pdf,Akwa-Ibom_IKONO-INI.pdf,True,
Akwa Ibom,ikot abasi mkpat enin eastern o,https://www.inecnigeria.org/wp-content/uploads/2024/05/IKOT-ABASI-MKPAT-ENIN-EASTERN-O.pdf,Akwa-Ibom_IKOT-ABASI-MKPAT-ENIN-EASTERN-O.pdf,True,
Akwa Ibom,ikot ekpene essien udim obot ak,https://www.inecnigeria.org/wp-content/uploads/2024/05/IKOT-EKPENE-ESSIEN-UDIM-OBOT-AK.pdf,Akwa-Ibom_IKOT-EKPENE-ESSIEN-UDIM-OBOT-AK.pdf,True,
Akwa Ibom,itu ibiono ibom,https://www.inecnigeria.org/wp-content/uploads/2024/05/ITU-IBIONO-IBOM.pdf,Akwa-Ibom_ITU-IBIONO-IBOM.pdf,True,
Akwa Ibom,oron mbo okobo udung uko urue o,https://www.inecnigeria.org/wp-content/uploads/2024/05/ORON-MBO-OKOBO-UDUNG-UKO-URUE-O.pdf,Akwa-Ibom_ORON-MBO-OKOBO-UDUNG-UKO-URUE-O.pdf,True,
Akwa Ibom,ukanafun oruk anam,https://www.inecnigeria.org/wp-content/uploads/2024/05/UKANAFUN-ORUK-ANAM.pdf,Akwa-Ibom_UKANAFUN-ORUK-ANAM.pdf,True,
Akwa Ibom,uyo ibesikpo asutan uruan nsit,https://www.inecnigeria.org/wp-content/uploads/2024/05/UYO-IBESIKPO-ASUTAN-URUAN-NSIT.pdf,Akwa-Ibom_UYO-IBESIKPO-ASUTAN-URUAN-NSIT.pdf,True,
Anambra,aguata,https://www.inecnigeria.org/wp-content/uploads/2024/05/AGUATA.pdf,Anambra_AGUATA.pdf,True,
Anambra,anambra east anambra west,https://www.inecnigeria.org/wp-content/uploads/2024/05/ANAMBRA-EAST-ANAMBRA-WEST.pdf,Anambra_ANAMBRA-EAST-ANAMBRA-WEST.pdf,True,
Anambra,awka north awka south,https://www.inecnigeria.org/wp-content/uploads/2024/05/AWKA-NORTH-AWKA-SOUTH.pdf,Anambra_AWKA-NORTH-AWKA-SOUTH.pdf,True,
Anambra,idemili north & south,https://www.inecnigeria.org/wp-content/uploads/2024/05/IDEMILI-NORTH-SOUTH.pdf,Anambra_IDEMILI-NORTH-SOUTH.pdf,True,
Anambra,ihiala,https://www.inecnigeria.org/wp-content/uploads/2024/05/IHIALA.pdf,Anambra_IHIALA.pdf,True,
Anambra,njikoka-dunukofia-anaocha,https://www.inecnigeria.org/wp-content/uploads/2024/05/NJIKOKA-DUNUKOFIA-ANAOCHA.pdf,Anambra_NJIKOKA-DUNUKOFIA-ANAOCHA.pdf,True,
Anambra,nnewi north nnewi south,https://www.inecnigeria.org/wp-content/uploads/2024/05/NNEWI-NORTH-NNEWI-SOUTH.pdf,Anambra_NNEWI-NORTH-NNEWI-SOUTH.pdf,True,
Anambra,ogbaru,https://www.inecnigeria.org/wp-content/uploads/2024/05/OGBARU.pdf,Anambra_OGBARU.pdf,True,
Anambra,onitsha north onisha south,https://www.inecnigeria.org/wp-content/uploads/2024/05/ONITSHA-NORTH-ONISHA-SOUTH.pdf,Anambra_ONITSHA-NORTH-ONISHA-SOUTH.pdf,True,
Anambra,orumba north orumba south,https://www.inecnigeria.org/wp-content/uploads/2024/05/ORUMBA-NORTH-ORUMBA-SOUTH-1.pdf,Anambra_ORUMBA-NORTH-ORUMBA-SOUTH-1.pdf,True,
Anambra,oyi-ayamelum,https://www.inecnigeria.org/wp-content/uploads/2024/05/OYI-AYAMELUM.pdf,Anambra_OYI-AYAMELUM.pdf,True,
Bauchi,alkalerikirfi,https://www.inecnigeria.org/wp-content/uploads/2024/05/ALKALERIKIRFI.pdf,Bauchi_ALKALERIKIRFI.pdf,True,
Bauchi,darazo ganjuwa,https://www.inecnigeria.org/wp-content/uploads/2024/05/DARAZO-GANJUWA.pdf,Bauchi_DARAZO-GANJUWA.pdf,True,
Bauchi,dass tafawa balewa bogoro,https://www.inecnigeria.org/wp-content/uploads/2024/05/DASS-TAFAWA-BALEWA-BOGORO.pdf,Bauchi_DASS-TAFAWA-BALEWA-BOGORO.pdf,True,
Bauchi,gamawa,https://www.inecnigeria.org/wp-content/uploads/2024/05/GAMAWA.pdf,Bauchi_GAMAWA.pdf,True,
Bauchi,jamare ifas gadam,https://www.inecnigeria.org/wp-content/uploads/2024/05/JAMARE-IFAS-GADAM.pdf,Bauchi_JAMARE-IFAS-GADAM.pdf,True,
Bauchi,katagum,https://www.inecnigeria.org/wp-content/uploads/2024/05/KATAGUM.pdf,Bauchi_KATAGUM.pdf,True,
Bauchi,misau dabam,https://www.inecnigeria.org/wp-content/uploads/2024/05/MISAU-DABAM.pdf,Bauchi_MISAU-DABAM.pdf,True,
Bauchi,ninji warji,https://www.inecnigeria.org/wp-content/uploads/2024/05/NINJI-WARJI.pdf,Bauchi_NINJI-WARJI.pdf,True,
Bauchi,shira gaide,https://www.inecnigeria.org/wp-content/uploads/2024/05/SHIRA-GAIDE.pdf,Bauchi_SHIRA-GAIDE.pdf,True,
Bauchi,toro,https://www.inecnigeria.org/wp-content/uploads/2024/05/TORO.pdf,Bauchi_TORO.pdf,True,
Bauchi,zaki,https://www.inecnigeria.org/wp-content/uploads/2024/05/ZAKI.pdf,Bauchi_ZAKI.pdf,True,
Bayelsa,brass nembe,https://www.inecnigeria.org/wp-content/uploads/2019/10/BRASS-NEMBE.pdf,Bayelsa_BRASS-NEMBE.pdf,True,
Bayelsa,kolokuma opokuma yenagoa,https://www.inecnigeria.org/wp-content/uploads/2019/10/KOLOKUMA-OPOKUMA-YENAGOA.pdf,Bayelsa_KOLOKUMA-OPOKUMA-YENAGOA.pdf,True,
Bayelsa,Ogbia,https://www.inecnigeria.org/wp-content/uploads/2019/10/OGBIA.pdf,Bayelsa_OGBIA.pdf,True,
Bayelsa,sagbama ekeremor,https://www.inecnigeria.org/wp-content/uploads/2019/10/SAGBAMA-EKEREMOR.pdf,Bayelsa_SAGBAMA-EKEREMOR.pdf,True,
Bayelsa,southern ijaw,https://www.inecnigeria.org/wp-content/uploads/2019/10/SOUTHERN-IJAW.pdf,Bayelsa_SOUTHERN-IJAW.pdf,True,
Benue,ado-obadigbo-okpokwu,https://www.inecnigeria.org/wp-content/uploads/2019/10/ADO-OBADIGBO-OKPOKWU.pdf,Benue_ADO-OBADIGBO-OKPOKWU.pdf,True,
Benue,apa-agatu,https://www.inecnigeria.org/wp-content/uploads/2019/10/APA-AGATU.pdf,Benue_APA-AGATU.pdf,True,
Benue,buruku,https://www.inecnigeria.org/wp-content/uploads/2019/10/BURUKU.pdf,Benue_BURUKU.pdf,True,
Benue,gboko-tarka,https://www.inecnigeria.org/wp-content/uploads/2019/10/GBOKO-TARKA.pdf,Benue_GBOKO-TARKA.pdf,True,
Benue,guma-makurdi,https://www.inecnigeria.org/wp-content/uploads/2019/10/GUMA-MAKURDI.pdf,Benue_GUMA-MAKURDI.pdf,True,
Benue,gwer east & west,https://www.inecnigeria.org/wp-content/uploads/2019/10/GWER-EAST-WEST.pdf,Benue_GWER-EAST-WEST.pdf,True,
Benue,katsina ala-ukum-logo,https://www.inecnigeria.org/wp-content/uploads/2019/10/KATSINA-ALA-UKUM-LOGO.pdf,Benue_KATSINA-ALA-UKUM-LOGO.pdf,True,
Benue,konshisha-vandeikya,https://www.inecnigeria.org/wp-content/uploads/2019/10/KONSHISHA-VANDEIKYA.pdf,Benue_KONSHISHA-VANDEIKYA.pdf,True,
Benue,kwande-ushongo,https://www.inecnigeria.org/wp-content/uploads/2019/10/KWANDE-USHONGO.pdf,Benue_KWANDE-USHONGO.pdf,True,
Benue,oju-obi,https://www.inecnigeria.org/wp-content/uploads/2019/10/OJU-OBI.pdf,Benue_OJU-OBI.pdf,True,
Benue,otukpo-ohimini,https://www.inecnigeria.org/wp-content/uploads/2019/10/OTUKPO-OHIMINI.pdf,Benue_OTUKPO-OHIMINI.pdf,True,
Borno,askira uba-hawul,https://www.inecnigeria.org/wp-content/uploads/2019/10/ASKIRA-UBA-HAWUL.pdf,Borno_ASKIRA-UBA-HAWUL.pdf,True,
Borno,"bama,ngala,kala balge",https://www.inecnigeria.org/wp-content/uploads/2019/10/BAMANGALAKALA-BALGE.pdf,Borno_BAMANGALAKALA-BALGE.pdf,True,
Borno,"biu,bayo,kwaya kusar, shani",https://www.inecnigeria.org/wp-content/uploads/2019/10/BIUBAYOKWAYA-KUSAR-SHANI.pdf,Borno_BIUBAYOKWAYA-KUSAR-SHANI.pdf,True,
Borno,"chibok, damboa, gwoza",https://www.inecnigeria.org/wp-content/uploads/2019/10/CHIBOK-DAMBOA-GWOZA.pdf,Borno_CHIBOK-DAMBOA-GWOZA.pdf,True,
Borno,"dikwa, mafa, konduga",https://www.inecnigeria.org/wp-content/uploads/2019/10/DIKWA-MAFA-KONDUGA.pdf,Borno_DIKWA-MAFA-KONDUGA.pdf,True,
Borno,"gubio,kaga,magumeri",https://www.inecnigeria.org/wp-content/uploads/2019/10/GUBIOKAGAMAGUMERI.pdf,Borno_GUBIOKAGAMAGUMERI.pdf,True,
Borno,jere,https://www.inecnigeria.org/wp-content/uploads/2019/10/JERE.pdf,Borno_JERE.pdf,True,
Borno,"kukawa,mobbar,abadam,guzamala",https://www.inecnigeria.org/wp-content/uploads/2019/10/KUKAWAMOBBARABADAMGUZAMALA.pdf,Borno_KUKAWAMOBBARABADAMGUZAMALA.pdf,True,
Borno,MMC,https://www.inecnigeria.org/wp-content/uploads/2019/10/MMC.pdf,Borno_MMC.pdf,True,
Borno,"monguno,ngazai,marte",https://www.inecnigeria.org/wp-content/uploads/2019/10/MONGUNONGAZAIMARTE.pdf,Borno_MONGUNONGAZAIMARTE.pdf,True,
Cross River,abi-yakurr,https://www.inecnigeria.org/wp-content/uploads/2019/10/ABI_YAKURR.pdf,Cross-River_ABI_YAKURR.pdf,True,
Cross River,akpabuyu – bakassi – calabar south,https://www.inecnigeria.org/wp-content/uploads/2019/10/AKPABUYU_BAKASSI_CALABAR-SOUTH.pdf,Cross-River_AKPABUYU_BAKASSI_CALABAR-SOUTH.pdf,True,
Cross River,aramkpa – biase,https://www.inecnigeria.org/wp-content/uploads/2019/10/ARAMKPA_BIASE.pdf,Cross-River_ARAMKPA_BIASE.pdf,True,
Cross River,calabar municipality – odukpani,https://www.inecnigeria.org/wp-content/uploads/2019/10/CALABAR-MUNICIPALITY_ODUKPANI.pdf,Cross-River_CALABAR-MUNICIPALITY_ODUKPANI.pdf,True,
Cross River,ikom – boki,https://www.inecnigeria.org/wp-content/uploads/2019/10/IKOM_BOKI.pdf,Cross-River_IKOM_BOKI.pdf,True,
Cross River,obanliku – obudu -bekwarra,https://www.inecnigeria.org/wp-content/uploads/2019/10/OBANLIKU_OBUDU_BEKWARRA.pdf,Cross-River_OBANLIKU_OBUDU_BEKWARRA.pdf,True,
Cross River,obubra – etung,https://www.inecnigeria.org/wp-content/uploads/2019/10/OBUBRA_ETUNG.pdf,Cross-River_OBUBRA_ETUNG.pdf,True,
Cross River,ogoja – yala,https://www.inecnigeria.org/wp-content/uploads/2019/10/OGOJA_YALA.pdf,Cross-River_OGOJA_YALA.pdf,True,
Delta,aniocha north-aniocha south,https://www.inecnigeria.org/wp-content/uploads/2019/10/ANIOCHA-NORTH-ANIOCHA-SOUTH.pdf,Delta_ANIOCHA-NORTH-ANIOCHA-SOUTH.pdf,True,
Delta,bomadi-patani,https://www.inecnigeria.org/wp-content/uploads/2019/10/BOMADI-PATANI.pdf,Delta_BOMADI-PATANI.pdf,True,
Delta,burutu,https://www.inecnigeria.org/wp-content/uploads/2019/10/BURUTU.pdf,Delta_BURUTU.pdf,True,
Delta,ethiope east-ethiope west,https://www.inecnigeria.org/wp-content/uploads/2019/10/ETHIOPE-EAST-ETHIOPE-WEST.pdf,Delta_ETHIOPE-EAST-ETHIOPE-WEST.pdf,True,
Delta,ika east-ika south,https://www.inecnigeria.org/wp-content/uploads/2019/10/IKA-EAST-IKA-SOUTH.pdf,Delta_IKA-EAST-IKA-SOUTH.pdf,True,
Delta,isoko north-isoko south,https://www.inecnigeria.org/wp-content/uploads/2019/10/ISOKO-NORTH-ISOKO-SOUTH.pdf,Delta_ISOKO-NORTH-ISOKO-SOUTH.pdf,True,
Delta,ndokwa east-ndokwa west-ukwuani,https://www.inecnigeria.org/wp-content/uploads/2019/10/NDOKWA-EAST-NDOKWA-WEST-UKWUANI.pdf,Delta_NDOKWA-EAST-NDOKWA-WEST-UKWUANI.pdf,True,
Delta,okpe-sapele-uvwie,https://www.inecnigeria.org/wp-content/uploads/2019/10/OKPE-SAPELE-UVWIE.pdf,Delta_OKPE-SAPELE-UVWIE.pdf,True,
Delta,ughelli north-ughelli south-udu,https://www.inecnigeria.org/wp-content/uploads/2019/10/UGHELLI-NORTH-UGHELLI-SOUTH-UDU.pdf,Delta_UGHELLI-NORTH-UGHELLI-SOUTH-UDU.pdf,True,
Delta,warri north-warri south-warri s,https://www.inecnigeria.org/wp-content/uploads/2019/10/WARRI-NORTH-WARRI-SOUTH-WARRI-S.pdf,Delta_WARRI-NORTH-WARRI-SOUTH-WARRI-S.pdf,True,
Ebonyi,abakaliki izzi,https://www.inecnigeria.org/wp-content/uploads/2019/10/ABAKALIKI-IZZI.pdf,Ebonyi_ABAKALIKI-IZZI.pdf,True,
Ebonyi,afikpo north afikpo south,https://www.inecnigeria.org/wp-content/uploads/2019/10/AFIKPO-NORTH-AFIKPO-SOUTH.pdf,Ebonyi_AFIKPO-NORTH-AFIKPO-SOUTH.pdf,True,
Ebonyi,ebonyi ohaukwu,https://www.inecnigeria.org/wp-content/uploads/2019/10/EBONYI-OHAUKWU.pdf,Ebonyi_EBONYI-OHAUKWU.pdf,True,
Ebonyi,ezza north ishielu,https://www.inecnigeria.org/wp-content/uploads/2019/10/EZZA-NORTH-ISHIELU.pdf,Ebonyi_EZZA-NORTH-ISHIELU.pdf,True,
Ebonyi,ezza south ikwo,https://www.inecnigeria.org/wp-content/uploads/2019/10/EZZA-SOUTH-IKWO.pdf,Ebonyi_EZZA-SOUTH-IKWO.pdf,True,
Ebonyi,ivo-ohaozara onich,https://www.inecnigeria.org/wp-content/uploads/2019/10/IVO-OHAOZARA-ONICH.pdf,Ebonyi_IVO-OHAOZARA-ONICH.pdf,True,
Edo,akoko edo,https://www.inecnigeria.org/wp-content/uploads/2019/10/AKOKO-EDO.pdf,Edo_AKOKO-EDO.pdf,True,
Ekiti,ado ekiti irepodun ifelodun,https://www.inecnigeria.org/wp-content/uploads/2019/10/ADO-EKITI-IREPODUN-IFELODUN.pdf,Ekiti_ADO-EKITI-IREPODUN-IFELODUN.pdf,True,
Ekiti,ekiti south west ikere orun ise,https://www.inecnigeria.org/wp-content/uploads/2019/10/EKITI-SOUTH-WEST-IKERE-ORUN-ISE.pdf,Ekiti_EKITI-SOUTH-WEST-IKERE-ORUN-ISE.pdf,True,
Ekiti,emure gbonyin ekiti east,https://www.inecnigeria.org/wp-content/uploads/2019/10/EMURE-GBONYIN-EKITI-EAST.pdf,Ekiti_EMURE-GBONYIN-EKITI-EAST.pdf,True,
Ekiti,ido osi moba ilejemeje,https://www.inecnigeria.org/wp-content/uploads/2019/10/IDO-OSI-MOBA-ILEJEMEJE.pdf,Ekiti_IDO-OSI-MOBA-ILEJEMEJE.pdf,True,
Ekiti,ijero ekiti west efon,https://www.inecnigeria.org/wp-content/uploads/2019/10/IJERO-EKITI-WEST-EFON.pdf,Ekiti_IJERO-EKITI-WEST-EFON.pdf,True,
Ekiti,ikole oye,https://www.inecnigeria.org/wp-content/uploads/2019/10/IKOLE-OYE.pdf,Ekiti_IKOLE-OYE.pdf,True,
Enugu,aninri awguoji river,https://www.inecnigeria.org/wp-content/uploads/2019/10/ANINRI-AWGUOJI-RIVER.pdf,Enugu_ANINRI-AWGUOJI-RIVER.pdf,True,
Enugu,enugu east isiuzo,https://www.inecnigeria.org/wp-content/uploads/2019/10/ENUGU-EAST-ISIUZO.pdf,Enugu_ENUGU-EAST-ISIUZO.pdf,True,
Enugu,enugu north enugu sout,https://www.inecnigeria.org/wp-content/uploads/2019/10/ENUGU-NORTH-ENUGU-SOUT.pdf,Enugu_ENUGU-NORTH-ENUGU-SOUT.pdf,True,
Enugu,ezeagu udi,https://www.inecnigeria.org/wp-content/uploads/2019/10/EZEAGU-UDI.pdf,Enugu_EZEAGU-UDI.pdf,True,
Enugu,igbo ekiti uzo nwani,https://www.inecnigeria.org/wp-content/uploads/2019/10/IGBO-EKITI-UZO-NWANI.pdf,Enugu_IGBO-EKITI-UZO-NWANI.pdf,True,
Enugu,igboeze north udenu,https://www.inecnigeria.org/wp-content/uploads/2019/10/IGBOEZE-NORTH-UDENU.pdf,Enugu_IGBOEZE-NORTH-UDENU.pdf,True,
Enugu,nkanu east nkanu west,https://www.inecnigeria.org/wp-content/uploads/2019/10/NKANU-EAST-NKANU-WEST.pdf,Enugu_NKANU-EAST-NKANU-WEST.pdf,True,
Enugu,nsukka igbo-eze,https://www.inecnigeria.org/wp-content/uploads/2019/10/NSUKKA-IGBO-EZE.pdf,Enugu_NSUKKA-IGBO-EZE.pdf,True,
FCT,abaji gwagwalada kwali kuje,https://www.inecnigeria.org/wp-content/uploads/2019/10/ABAJI-GWAGWALADA-KWALI-KUJE.pdf,FCT_ABAJI-GWAGWALADA-KWALI-KUJE.pdf,True,
FCT,amac bwari,https://www.inecnigeria.org/wp-content/uploads/2019/10/AMAC-BWARI.pdf,FCT_AMAC-BWARI.pdf,True,
Gombe,akko,https://www.inecnigeria.org/wp-content/uploads/2019/10/AKKO.pdf,Gombe_AKKO.pdf,True,
Gombe,balanga billiri,https://www.inecnigeria.org/wp-content/uploads/2019/10/BALANGA-BILLIRI.pdf,Gombe_BALANGA-BILLIRI.pdf,True,
Gombe,dukku nafada,https://www.inecnigeria.org/wp-content/uploads/2019/10/DUKKU-NAFADA.pdf,Gombe_DUKKU-NAFADA.pdf,True,
Gombe,gombe kwami funakaye,https://www.inecnigeria.org/wp-content/uploads/2019/10/GOMBE-KWAMI-FUNAKAYE.pdf,Gombe_GOMBE-KWAMI-FUNAKAYE.pdf,True,
Gombe,kaltungo shongom,https://www.inecnigeria.org/wp-content/uploads/2019/10/KALTUNGO-SHONGOM.pdf,Gombe_KALTUNGO-SHONGOM.pdf,True,
Gombe,yamaltu deba,https://www.inecnigeria.org/wp-content/uploads/2019/10/YAMALTU-DEBA.pdf,Gombe_YAMALTU-DEBA.pdf,True,
Imo,abor-mbaise-ngor- okpala,https://www.inecnigeria.org/wp-content/uploads/2019/10/ABOR-MBAISE-NGOR-OKPALA.pdf,Imo_ABOR-MBAISE-NGOR-OKPALA.pdf,True,
Imo,ahiazu-mbaise-ezihitte,https://www.inecnigeria.org/wp-content/uploads/2019/10/AHIAZU-MBAISE-EZIHITTE.pdf,Imo_AHIAZU-MBAISE-EZIHITTE.pdf,True,
Imo,ideato north south,https://www.inecnigeria.org/wp-content/uploads/2019/10/IDEATO-NORTH-SOUTH.pdf,Imo_IDEATO-NORTH-SOUTH.pdf,True,
Imo,ikeduru mbaitoli,https://www.inecnigeria.org/wp-content/uploads/2019/10/IKEDURU-MBAITOLI.pdf,Imo_IKEDURU-MBAITOLI.pdf,True,
Imo,ikeduru mbatitolo,https://www.inecnigeria.org/wp-content/uploads/2019/10/IKEDURU-MBATITOLO.pdf,Imo_IKEDURU-MBATITOLO.pdf,True,
Imo,isila mbano okigwe onuimo,https://www.inecnigeria.org/wp-content/uploads/2019/10/ISILA-MBANO-OKIGWE-ONUIMO.pdf,Imo_ISILA-MBANO-OKIGWE-ONUIMO.pdf,True,
Imo,isu njaba nkwere nwagele,https://www.inecnigeria.org/wp-content/uploads/2019/10/ISU-NJABA-NKWERE-NWAGELE.pdf,Imo_ISU-NJABA-NKWERE-NWAGELE.pdf,True,
Imo,oguta ohaji egbema oru west,https://www.inecnigeria.org/wp-content/uploads/2020/06/OGUTAOHAJIEGBEMAORU-WEST.pdf,Imo_OGUTAOHAJIEGBEMAORU-WEST.pdf,True,
Imo,oru east orsu orlu,https://www.inecnigeria.org/wp-content/uploads/2019/10/ORU-EAST-ORSU-ORLU.pdf,Imo_ORU-EAST-ORSU-ORLU.pdf,True,
Imo,owerri fc,https://www.inecnigeria.org/wp-content/uploads/2019/10/OWERRI-FC.pdf,Imo_OWERRI-FC.pdf,True,
Jigawa,bbr-grk-139,https://www.inecnigeria.org/wp-content/uploads/2019/10/BBR-GRK-139.pdf,Jigawa_BBR-GRK-139.pdf,True,
Jigawa,bkd-buj-140,https://www.inecnigeria.org/wp-content/uploads/2019/10/BKD-BUJ-140.pdf,Jigawa_BKD-BUJ-140.pdf,True,
Jigawa,bnw-gur-krm-141,https://www.inecnigeria.org/wp-content/uploads/2019/10/BNW-GUR-KRM-141.pdf,Jigawa_BNW-GUR-KRM-141.pdf,True,
Jigawa,dut-kyw-142,https://www.inecnigeria.org/wp-content/uploads/2019/10/DUT-KYW-142.pdf,Jigawa_DUT-KYW-142.pdf,True,
Jigawa,ggr-gml-mgr-stk-144,https://www.inecnigeria.org/wp-content/uploads/2019/10/GGR-GML-MGR-STK-144.pdf,Jigawa_GGR-GML-MGR-STK-144.pdf,True,
Jigawa,grm-143,https://www.inecnigeria.org/wp-content/uploads/2019/10/GRM-143.pdf,Jigawa_GRM-143.pdf,True,
Jigawa,hdj-auy-khs-145,https://www.inecnigeria.org/wp-content/uploads/2019/10/HDJ-AUY-KHS-145.pdf,Jigawa_HDJ-AUY-KHS-145.pdf,True,
Jigawa,kzr-rrn-gww-yks-148,https://www.inecnigeria.org/wp-content/uploads/2019/10/KZR-RRN-GWW-YKS-148.pdf,Jigawa_KZR-RRN-GWW-YKS-148.pdf,True,
Jigawa,mdr-kgm-147,https://www.inecnigeria.org/wp-content/uploads/2019/10/MDR-KGM-147.pdf,Jigawa_MDR-KGM-147.pdf,True,
Jigawa,mga-jhn-146,https://www.inecnigeria.org/wp-content/uploads/2019/10/MGA-JHN-146.pdf,Jigawa_MGA-JHN-146.pdf,True,
Jigawa,rmg-tar-149,https://www.inecnigeria.org/wp-content/uploads/2019/10/RMG-TAR-149.pdf,Jigawa_RMG-TAR-149.pdf,True,
Kaduna,birnin gwari giwa,https://www.inecnigeria.org/wp-content/uploads/2019/10/BIRNIN-GWARI-GIWA.pdf,Kaduna_BIRNIN-GWARI-GIWA.pdf,True,
Kaduna,chikun kajuru,https://www.inecnigeria.org/wp-content/uploads/2019/10/CHIKUN-KAJURU.pdf,Kaduna_CHIKUN-KAJURU.pdf,True,
Kaduna,igabi,https://www.inecnigeria.org/wp-content/uploads/2019/10/IGABI.pdf,Kaduna_IGABI.pdf,True,
Kaduna,ikara kubau,https://www.inecnigeria.org/wp-content/uploads/2019/10/IKARA-KUBAU.pdf,Kaduna_IKARA-KUBAU.pdf,True,
Kaduna,jema’a sanga,https://www.inecnigeria.org/wp-content/uploads/2019/10/JEMAA-SANGA.pdf,Kaduna_JEMAA-SANGA.pdf,True,
Kaduna,kachia kagarko,https://www.inecnigeria.org/wp-content/uploads/2019/10/KACHIA-KAGARKO.pdf,Kaduna_KACHIA-KAGARKO.pdf,True,
Kaduna,kaduna north,https://www.inecnigeria.org/wp-content/uploads/2019/10/KADUNA-NORTH-1.pdf,Kaduna_KADUNA-NORTH.pdf,True,fixed manually (index page link was broken)
Kaduna,kaduna south,https://www.inecnigeria.org/wp-content/uploads/2019/10/KADUNA-SOUTH-1.pdf,Kaduna_KADUNA-SOUTH.pdf,True,fixed manually (index page link was broken)
Kaduna,kaura,https://www.inecnigeria.org/wp-content/uploads/2019/10/Kaura.pdf,Kaduna_KAURA.pdf,True,fixed manually (index page link was broken)
Kaduna,kauru,https://www.inecnigeria.org/wp-content/uploads/2019/10/Kauru.pdf,Kaduna_KAURU.pdf,True,fixed manually (index page link was broken)
Kaduna,lere,https://www.inecnigeria.org/wp-content/uploads/2019/10/LERE.pdf,Kaduna_LERE.pdf,True,
Kaduna,makarfi kudan,https://www.inecnigeria.org/wp-content/uploads/2019/10/MAKARFI-KUDAN.pdf,Kaduna_MAKARFI-KUDAN.pdf,True,
Kaduna,sabon gari,https://www.inecnigeria.org/wp-content/uploads/2019/10/SABON-GARI.pdf,Kaduna_SABON-GARI.pdf,True,
Kaduna,soba,https://www.inecnigeria.org/wp-content/uploads/2019/10/SOBA.pdf,Kaduna_SOBA.pdf,True,
Kaduna,zangon kataf jaba,https://www.inecnigeria.org/wp-content/uploads/2019/10/ZANGON-KATAF-JABA.pdf,Kaduna_ZANGON-KATAF-JABA.pdf,True,
Kaduna,zangon kataf jaba,https://www.inecnigeria.org/wp-content/uploads/2019/10/ZARIA.pdf,Kaduna_ZARIA.pdf,True,
Kano,abs-gya-ajg-166,https://www.inecnigeria.org/wp-content/uploads/2019/10/ABS-GYA-AJG-166.pdf,Kano_ABS-GYA-AJG-166.pdf,True,
Kano,bbj-kru-168,https://www.inecnigeria.org/wp-content/uploads/2019/10/BBJ-KRU-168.pdf,Kano_BBJ-KRU-168.pdf,True,
Kano,bch-169,https://www.inecnigeria.org/wp-content/uploads/2019/10/BCH-169.pdf,Kano_BCH-169.pdf,True,
Kano,dal-171,https://www.inecnigeria.org/wp-content/uploads/2019/10/DAL-171.pdf,Kano_DAL-171.pdf,True,
Kano,dbt-mkd-173,https://www.inecnigeria.org/wp-content/uploads/2019/10/DBT-MKD-173.pdf,Kano_DBT-MKD-173.pdf,True,
Kano,dgw-tdw-176,https://www.inecnigeria.org/wp-content/uploads/2019/10/DGW-TDW-176.pdf,Kano_DGW-TDW-176.pdf,True,
Kano,dkd-wrw-174,https://www.inecnigeria.org/wp-content/uploads/2019/10/DKD-WRW-174.pdf,Kano_DKD-WRW-174.pdf,True,
Kano,dtf-tfa-rmg-175,https://www.inecnigeria.org/wp-content/uploads/2019/10/DTF-TFA-RMG-175.pdf,Kano_DTF-TFA-RMG-175.pdf,True,
Kano,fge-185,https://www.inecnigeria.org/wp-content/uploads/2019/10/FGE-185.pdf,Kano_FGE-185.pdf,True,
Kano,gbw-gzw-177,https://www.inecnigeria.org/wp-content/uploads/2019/10/GBW-GZW-177.pdf,Kano_GBW-GZW-177.pdf,True,
Kano,grz-kab-178,https://www.inecnigeria.org/wp-content/uploads/2019/10/GRZ-KAB-178.pdf,Kano_GRZ-KAB-178.pdf,True,
Kano,gwl-172,https://www.inecnigeria.org/wp-content/uploads/2019/10/GWL-172.pdf,Kano_GWL-172.pdf,True,
Kano,kbt-182,https://www.inecnigeria.org/wp-content/uploads/2019/10/KBT-182.pdf,Kano_KBT-182.pdf,True,
Kano,kmc-179,https://www.inecnigeria.org/wp-content/uploads/2019/10/KMC-179.pdf,Kano_KMC-179.pdf,True,
Kano,knc-tyw-188,https://www.inecnigeria.org/wp-content/uploads/2019/10/KNC-TYW-188.pdf,Kano_KNC-TYW-188.pdf,True,
Kano,kry-rgg-181,https://www.inecnigeria.org/wp-content/uploads/2019/10/KRY-RGG-181.pdf,Kano_KRY-RGG-181.pdf,True,
Kano,kur-mdb-grm-183,https://www.inecnigeria.org/wp-content/uploads/2019/10/KUR-MDB-GRM-183.pdf,Kano_KUR-MDB-GRM-183.pdf,True,
Kano,mjb-ungg-187,https://www.inecnigeria.org/wp-content/uploads/2019/10/MJB-UNGG-187.pdf,Kano_MJB-UNGG-187.pdf,True,
Kano,nsr-184,https://www.inecnigeria.org/wp-content/uploads/2019/10/NSR-184.pdf,Kano_NSR-184.pdf,True,
Kano,rnn-bkr-kby-170,https://www.inecnigeria.org/wp-content/uploads/2019/10/RNN-BKR-KBY-170.pdf,Kano_RNN-BKR-KBY-170.pdf,True,
Kano,sml-tak-186,https://www.inecnigeria.org/wp-content/uploads/2019/10/SML-TAK-186.pdf,Kano_SML-TAK-186.pdf,True,
Kano,snn-bgw-167,https://www.inecnigeria.org/wp-content/uploads/2019/10/SNN-BGW-167.pdf,Kano_SNN-BGW-167.pdf,True,
Kano,trn-180,https://www.inecnigeria.org/wp-content/uploads/2019/10/TRN-180.pdf,Kano_TRN-180.pdf,True,
Kano,wdl-grk-189,https://www.inecnigeria.org/wp-content/uploads/2019/10/WDL-GRK-189.pdf,Kano_WDL-GRK-189.pdf,True,
Katsina,bakori danja,https://www.inecnigeria.org/wp-content/uploads/2019/10/BAKORI-DANJA.pdf,Katsina_BAKORI-DANJA.pdf,True,
Katsina,batagarawa charanchirimi,https://www.inecnigeria.org/wp-content/uploads/2019/10/BATAGARAWA-CHARANCHIRIMI.pdf,Katsina_BATAGARAWA-CHARANCHIRIMI.pdf,True,
Katsina,batsari danmusa safana,https://www.inecnigeria.org/wp-content/uploads/2019/10/BATSARI-DANMUSA-SAFANA.pdf,Katsina_BATSARI-DANMUSA-SAFANA.pdf,True,
Katsina,bindawa mani,https://www.inecnigeria.org/wp-content/uploads/2019/10/BINDAWA-MANI.pdf,Katsina_BINDAWA-MANI.pdf,True,
Katsina,daura sandamu maiadua,https://www.inecnigeria.org/wp-content/uploads/2019/10/DAURA-SANDAMU-MAIADUA.pdf,Katsina_DAURA-SANDAMU-MAIADUA.pdf,True,
Katsina,dutsin makurfi,https://www.inecnigeria.org/wp-content/uploads/2019/10/DUTSIN-MAKURFI.pdf,Katsina_DUTSIN-MAKURFI.pdf,True,
Katsina,faskari kankara sabuwa,https://www.inecnigeria.org/wp-content/uploads/2019/10/FASKARI-KANKARA-SABUWA.pdf,Katsina_FASKARI-KANKARA-SABUWA.pdf,True,
Katsina,funtua dandume,https://www.inecnigeria.org/wp-content/uploads/2019/10/FUNTUA-DANDUME.pdf,Katsina_FUNTUA-DANDUME.pdf,True,
Katsina,jibiya kaita,https://www.inecnigeria.org/wp-content/uploads/2019/10/JIBIYA-KAITA.pdf,Katsina_JIBIYA-KAITA.pdf,True,
Katsina,katsina,https://www.inecnigeria.org/wp-content/uploads/2019/10/KATSINA-1.pdf,Katsina_KATSINA-1.pdf,True,
Katsina,kusada kankia ingawa,https://www.inecnigeria.org/wp-content/uploads/2019/10/KUSADA-KANKIA-INGAWA.pdf,Katsina_KUSADA-KANKIA-INGAWA.pdf,True,
Katsina,malumfashi kafur,https://www.inecnigeria.org/wp-content/uploads/2019/10/MALUMFASHI-KAFUR.pdf,Katsina_MALUMFASHI-KAFUR.pdf,True,
Katsina,mashi dutsi,https://www.inecnigeria.org/wp-content/uploads/2019/10/MASHI-DUTSI.pdf,Katsina_MASHI-DUTSI.pdf,True,
Katsina,matazu musawa,https://www.inecnigeria.org/wp-content/uploads/2019/10/MATAZU-MUSAWA.pdf,Katsina_MATAZU-MUSAWA.pdf,True,
Katsina,zango baure,https://www.inecnigeria.org/wp-content/uploads/2019/10/ZANGO-BAURE.pdf,Katsina_ZANGO-BAURE.pdf,True,
Kebbi,aleiro gwandu jega,https://www.inecnigeria.org/wp-content/uploads/2019/10/ALEIRO-GWANDU-JEGA.pdf,Kebbi_ALEIRO-GWANDU-JEGA.pdf,True,
Kebbi,arewa dandi fc,https://www.inecnigeria.org/wp-content/uploads/2019/10/AREWA-DANDI-FC.pdf,Kebbi_AREWA-DANDI-FC.pdf,True,
Kebbi,arewa dandi,https://www.inecnigeria.org/wp-content/uploads/2019/10/AREWA-DANDI.pdf,Kebbi_AREWA-DANDI.pdf,True,
Kebbi,argungu augie fc,https://www.inecnigeria.org/wp-content/uploads/2019/10/ARGUNGU-AUGIE-FC.pdf,Kebbi_ARGUNGU-AUGIE-FC.pdf,True,
Kebbi,bagudo suru fc,https://www.inecnigeria.org/wp-content/uploads/2019/10/BAGUDO-SURU-FC.pdf,Kebbi_BAGUDO-SURU-FC.pdf,True,
Kebbi,bunza bkebbi kalgo,https://www.inecnigeria.org/wp-content/uploads/2019/10/BUNZA-BKEBBI-KALGO.pdf,Kebbi_BUNZA-BKEBBI-KALGO.pdf,True,
Kebbi,fakai sakaba wasagu danko zuru,https://www.inecnigeria.org/wp-content/uploads/2019/10/FAKAI-SAKABA-WASAGU-DANKO-ZURU.pdf,Kebbi_FAKAI-SAKABA-WASAGU-DANKO-ZURU.pdf,True,
Kebbi,koko besse maiyama,https://www.inecnigeria.org/wp-content/uploads/2019/10/KOKO-BESSE-MAIYAMA.pdf,Kebbi_KOKO-BESSE-MAIYAMA.pdf,True,
Kebbi,ngaski shanga yauri,https://www.inecnigeria.org/wp-content/uploads/2019/10/NGASKI-SHANGA-YAURI.pdf,Kebbi_NGASKI-SHANGA-YAURI.pdf,True,
Kogi,adavi,https://www.inecnigeria.org/wp-content/uploads/2019/10/Adavi.pdf,Kogi_ADAVI.pdf,True,fixed manually (index page link was broken)
Kogi,ajaokuta,https://www.inecnigeria.org/wp-content/uploads/2019/10/AJAOKUTA.pdf,Kogi_AJAOKUTA.pdf,True,
Kogi,ankpa,https://www.inecnigeria.org/wp-content/uploads/2019/10/ANKPA.pdf,Kogi_ANKPA.pdf,True,
Kogi,bassa-dekina,https://www.inecnigeria.org/wp-content/uploads/2019/10/BASSA-DEKINA.pdf,Kogi_BASSA-DEKINA.pdf,True,
Kogi,idah,https://www.inecnigeria.org/wp-content/uploads/2019/10/IDAH.pdf,Kogi_IDAH.pdf,True,
Kogi,lokoja,https://www.inecnigeria.org/wp-content/uploads/2019/10/LOKOJA.pdf,Kogi_LOKOJA.pdf,True,
Kogi,okene,https://www.inecnigeria.org/wp-content/uploads/2019/10/OKENE.pdf,Kogi_OKENE.pdf,True,
Kogi,yagba east,https://www.inecnigeria.org/wp-content/uploads/2019/10/YAGBA-EAST.pdf,Kogi_YAGBA-EAST.pdf,True,
Kwara,barutenkaiama,https://www.inecnigeria.org/wp-content/uploads/2019/10/BarutenKaiama.pdf,Kwara_BarutenKaiama.pdf,True,
Kwara,edumoropategi,https://www.inecnigeria.org/wp-content/uploads/2019/10/EduMoroPategi.pdf,Kwara_EduMoroPategi.pdf,True,
Kwara,ekitiisinirepodunokeero,https://www.inecnigeria.org/wp-content/uploads/2019/10/EkitiIsinIrepodunOkeEro.pdf,Kwara_EkitiIsinIrepodunOkeEro.pdf,True,
Kwara,ifelodunoffaoyun,https://www.inecnigeria.org/wp-content/uploads/2019/10/IfelodunOffaOyun.pdf,Kwara_IfelodunOffaOyun.pdf,True,
Kwara,ilorin west-asa,https://www.inecnigeria.org/wp-content/uploads/2019/10/ILORIN-WEST-ASA.pdf,Kwara_ILORIN-WEST-ASA.pdf,True,
Kwara,ilorineastilorin south,https://www.inecnigeria.org/wp-content/uploads/2019/10/IlorinEastIlorin-South.pdf,Kwara_IlorinEastIlorin-South.pdf,True,
Lagos,agege,https://www.inecnigeria.org/wp-content/uploads/2019/10/AGEGE-1.pdf,Lagos_AGEGE-1.pdf,True,
Lagos,ajeromi ifelodun,https://www.inecnigeria.org/wp-content/uploads/2019/10/AJEROMI-IFELODUN-1.pdf,Lagos_AJEROMI-IFELODUN-1.pdf,True,
Lagos,alimosho,https://www.inecnigeria.org/wp-content/uploads/2019/10/ALIMOSHO-1.pdf,Lagos_ALIMOSHO-1.pdf,True,
Lagos,amuwo odofin,https://www.inecnigeria.org/wp-content/uploads/2019/10/AMUWO-ODOFIN.pdf,Lagos_AMUWO-ODOFIN.pdf,True,
Lagos,apapa,https://www.inecnigeria.org/wp-content/uploads/2019/10/APAPA.pdf,Lagos_APAPA.pdf,True,
Lagos,badagry,https://www.inecnigeria.org/wp-content/uploads/2019/10/BADAGRY.pdf,Lagos_BADAGRY.pdf,True,
Lagos,epe,https://www.inecnigeria.org/wp-content/uploads/2019/10/EPE.pdf,Lagos_EPE.pdf,True,
Lagos,eti osa,https://www.inecnigeria.org/wp-content/uploads/2019/10/ETI-OSA.pdf,Lagos_ETI-OSA.pdf,True,
Lagos,ibeju lekki,https://www.inecnigeria.org/wp-content/uploads/2019/10/IBEJU-LEKKI.pdf,Lagos_IBEJU-LEKKI.pdf,True,
Lagos,ifako-ijaye,https://www.inecnigeria.org/wp-content/uploads/2019/10/IFAKO-IJAYE.pdf,Lagos_IFAKO-IJAYE.pdf,True,
Lagos,ikeja,https://www.inecnigeria.org/wp-content/uploads/2019/10/IKEJA.pdf,Lagos_IKEJA.pdf,True,
Lagos,ikorodu,https://www.inecnigeria.org/wp-content/uploads/2019/10/IKORODU.pdf,Lagos_IKORODU.pdf,True,
Lagos,kosofe,https://www.inecnigeria.org/wp-content/uploads/2019/10/KOSOFE.pdf,Lagos_KOSOFE.pdf,True,
Lagos,lagos island i,https://www.inecnigeria.org/wp-content/uploads/2019/10/LAGOS-ISLAND-I.pdf,Lagos_LAGOS-ISLAND-I.pdf,True,
Lagos,lagos island ii,https://www.inecnigeria.org/wp-content/uploads/2019/10/LAGOS-ISLAND-II.pdf,Lagos_LAGOS-ISLAND-II.pdf,True,
Lagos,lagos mainland,https://www.inecnigeria.org/wp-content/uploads/2019/10/LAGOS-MAINLAND.pdf,Lagos_LAGOS-MAINLAND.pdf,True,
Lagos,mushin i,https://www.inecnigeria.org/wp-content/uploads/2019/10/MUSHIN-I.pdf,Lagos_MUSHIN-I.pdf,True,
Lagos,mushin ii,https://www.inecnigeria.org/wp-content/uploads/2019/10/MUSHIN-II.pdf,Lagos_MUSHIN-II.pdf,True,
Lagos,oshodi isolo i,https://www.inecnigeria.org/wp-content/uploads/2019/10/OSHODI-ISOLO-I.pdf,Lagos_OSHODI-ISOLO-I.pdf,True,
Lagos,oshodi isolo ii,https://www.inecnigeria.org/wp-content/uploads/2019/10/OSHODI-ISOLO-II.pdf,Lagos_OSHODI-ISOLO-II.pdf,True,
Lagos,shomolu,https://www.inecnigeria.org/wp-content/uploads/2019/10/SHOMOLU.pdf,Lagos_SHOMOLU.pdf,True,
Lagos,surulere i,https://www.inecnigeria.org/wp-content/uploads/2019/10/SURULERE-I.pdf,Lagos_SURULERE-I.pdf,True,
Lagos,surulere ii,https://www.inecnigeria.org/wp-content/uploads/2019/10/SURULERE-II.pdf,Lagos_SURULERE-II.pdf,True,
Nasarawa,akwanga nassarawa eggon wamba,https://www.inecnigeria.org/wp-content/uploads/2019/10/Akwanga-Nassarawa-Eggon-Wamba.pdf,Nasarawa_Akwanga-Nassarawa-Eggon-Wamba.pdf,True,
Nasarawa,awe doma keana,https://www.inecnigeria.org/wp-content/uploads/2019/10/Awe-Doma-Keana.pdf,Nasarawa_Awe-Doma-Keana.pdf,True,
Nasarawa,keffi karu kokona,https://www.inecnigeria.org/wp-content/uploads/2019/10/Keffi-Karu-Kokona.pdf,Nasarawa_Keffi-Karu-Kokona.pdf,True,
Nasarawa,lafia obi,https://www.inecnigeria.org/wp-content/uploads/2019/10/Lafia-OBI.pdf,Nasarawa_Lafia-OBI.pdf,True,
Nasarawa,nassarawa toto,https://www.inecnigeria.org/wp-content/uploads/2019/10/Nassarawa-Toto.pdf,Nasarawa_Nassarawa-Toto.pdf,True,
Niger,agaie lapai,https://www.inecnigeria.org/wp-content/uploads/2019/10/AGAIE-LAPAI.pdf,Niger_AGAIE-LAPAI.pdf,True,
Niger,agwara borgu,https://www.inecnigeria.org/wp-content/uploads/2019/10/AGWARA-BORGU.pdf,Niger_AGWARA-BORGU.pdf,True,
Niger,bidagbakokatcha,https://www.inecnigeria.org/wp-content/uploads/2019/10/BidaGbakoKatcha.pdf,Niger_BidaGbakoKatcha.pdf,True,
Niger,bossopaikoro,https://www.inecnigeria.org/wp-content/uploads/2019/10/BossoPaikoro.pdf,Niger_BossoPaikoro.pdf,True,
Niger,chanchaga,https://www.inecnigeria.org/wp-content/uploads/2019/10/CHANCHAGA.pdf,Niger_CHANCHAGA.pdf,True,
Niger,gurarasulejatapa,https://www.inecnigeria.org/wp-content/uploads/2019/10/GuraraSulejaTapa.pdf,Niger_GuraraSulejaTapa.pdf,True,
Niger,kontagorawushishi,https://www.inecnigeria.org/wp-content/uploads/2019/10/KontagoraWushishi.pdf,Niger_KontagoraWushishi.pdf,True,
Niger,lavunmokwaedati,https://www.inecnigeria.org/wp-content/uploads/2019/10/LavunMokwaEdati.pdf,Niger_LavunMokwaEdati.pdf,True,
Niger,magamarijau,https://www.inecnigeria.org/wp-content/uploads/2019/10/MagamaRijau.pdf,Niger_MagamaRijau.pdf,True,
Niger,shirororafimunya,https://www.inecnigeria.org/wp-content/uploads/2019/10/ShiroroRafiMunya.pdf,Niger_ShiroroRafiMunya.pdf,True,
Ogun,abeokuta n-obafemi owode-odeda,https://www.inecnigeria.org/wp-content/uploads/2019/10/ABEOKUTA-N-OBAFEMI-OWODE-ODEDA.pdf,Ogun_ABEOKUTA-N-OBAFEMI-OWODE-ODEDA.pdf,True,
Ogun,abeokuta south,https://www.inecnigeria.org/wp-content/uploads/2019/10/ABEOKUTA-SOUTH.pdf,Ogun_ABEOKUTA-SOUTH.pdf,True,
Ogun,ado-odo. ota,https://www.inecnigeria.org/wp-content/uploads/2019/10/ADO-ODO.-OTA.pdf,Ogun_ADO-ODO.-OTA.pdf,True,
Ogun,egbado north-imeko afon,https://www.inecnigeria.org/wp-content/uploads/2019/10/EGBADO-NORTH-IMEKO-AFON.pdf,Ogun_EGBADO-NORTH-IMEKO-AFON.pdf,True,
Ogun,egbado south-ipokia,https://www.inecnigeria.org/wp-content/uploads/2019/10/EGBADO-SOUTH-IPOKIA.pdf,Ogun_EGBADO-SOUTH-IPOKIA.pdf,True,
Ogun,ifo-ewekoro,https://www.inecnigeria.org/wp-content/uploads/2019/10/IFO-EWEKORO.pdf,Ogun_IFO-EWEKORO.pdf,True,
Ogun,ijebu n-east- ogun waterside,https://www.inecnigeria.org/wp-content/uploads/2019/10/IJEBU-N-EAST-OGUN-WATERSIDE.pdf,Ogun_IJEBU-N-EAST-OGUN-WATERSIDE.pdf,True,
Ogun,ijebu ode-odogbolu-ijebu ne,https://www.inecnigeria.org/wp-content/uploads/2019/10/IJEBU-ODE-ODOGBOLU-IJEBU-NE.pdf,Ogun_IJEBU-ODE-ODOGBOLU-IJEBU-NE.pdf,True,
Ogun,ikene-remo n-sagamu,https://www.inecnigeria.org/wp-content/uploads/2019/10/IKENE-REMO-N-SAGAMU.pdf,Ogun_IKENE-REMO-N-SAGAMU.pdf,True,
Ondo,akoko north east,https://www.inecnigeria.org/wp-content/uploads/2019/10/AKOKO-NORTH-EAST.pdf,Ondo_AKOKO-NORTH-EAST.pdf,True,
Ondo,akoko SE-SW,https://www.inecnigeria.org/wp-content/uploads/2019/10/AKOKO-SE-SW.pdf,Ondo_AKOKO-SE-SW.pdf,True,
Ondo,akure north and south,https://www.inecnigeria.org/wp-content/uploads/2019/10/AKURE-NORTH-AND-SOUTH.pdf,Ondo_AKURE-NORTH-AND-SOUTH.pdf,True,
Ondo,idanre-ifedore,https://www.inecnigeria.org/wp-content/uploads/2019/10/IDANRE-IFEDORE.pdf,Ondo_IDANRE-IFEDORE.pdf,True,
Ondo,ilaje-ese-odo,https://www.inecnigeria.org/wp-content/uploads/2019/10/ILAJE-ESE-ODO.pdf,Ondo_ILAJE-ESE-ODO.pdf,True,
Ondo,ile-oluji-okeigbo-odigbo,https://www.inecnigeria.org/wp-content/uploads/2019/10/ILE-OLUJI-OKEIGBO-ODIGBO.pdf,Ondo_ILE-OLUJI-OKEIGBO-ODIGBO.pdf,True,
Ondo,irele-okitipupa,https://www.inecnigeria.org/wp-content/uploads/2019/10/IRELE-OKITIPUPA.pdf,Ondo_IRELE-OKITIPUPA.pdf,True,
Ondo,ondo east-ondo west,https://www.inecnigeria.org/wp-content/uploads/2019/10/ONDO-EAST-ONDO-WEST.pdf,Ondo_ONDO-EAST-ONDO-WEST.pdf,True,
Osun,ayedadde fc,https://www.inecnigeria.org/wp-content/uploads/2019/10/AYEDADDE-FC.pdf,Osun_AYEDADDE-FC.pdf,True,
Osun,ayedire iwo ola-oluwa,https://www.inecnigeria.org/wp-content/uploads/2019/10/AYEDIRE-IWO-OLA-OLUWA.pdf,Osun_AYEDIRE-IWO-OLA-OLUWA.pdf,True,
Osun,boluwaduro fc,https://www.inecnigeria.org/wp-content/uploads/2019/10/BOLUWADURO-FC.pdf,Osun_BOLUWADURO-FC.pdf,True,
Osun,ede fc,https://www.inecnigeria.org/wp-content/uploads/2019/10/EDE-FC.pdf,Osun_EDE-FC.pdf,True,
Osun,"ifec,n,s e fc",https://www.inecnigeria.org/wp-content/uploads/2019/10/IFECNS-E-FC.pdf,Osun_IFECNS-E-FC.pdf,True,
Osun,ijesa south,https://www.inecnigeria.org/wp-content/uploads/2019/10/IJESA-SOUTH.pdf,Osun_IJESA-SOUTH.pdf,True,
Osun,irepodun onorunda fc,https://www.inecnigeria.org/wp-content/uploads/2019/10/IREPODUN-ONORUNDA-FC.pdf,Osun_IREPODUN-ONORUNDA-FC.pdf,True,
Osun,obokum,https://www.inecnigeria.org/wp-content/uploads/2019/10/OBOKUM.pdf,Osun_OBOKUM.pdf,True,
Osun,odo e fc,https://www.inecnigeria.org/wp-content/uploads/2019/10/ODO-E-FC.pdf,Osun_ODO-E-FC.pdf,True,
Oyo,afijio-oyo east-oyo west-atiba,https://www.inecnigeria.org/wp-content/uploads/2019/10/AFIJIO-OYO-EAST-OYO-WEST-ATIBA.pdf,Oyo_AFIJIO-OYO-EAST-OYO-WEST-ATIBA.pdf,True,
Oyo,akinyele-lagelu,https://www.inecnigeria.org/wp-content/uploads/2019/10/AKINYELE-LAGELU.pdf,Oyo_AKINYELE-LAGELU.pdf,True,
Oyo,atisbo saki east and saki west,https://www.inecnigeria.org/wp-content/uploads/2019/10/ATISBO-SAKI-EAST-AND-SAKI-WEST.pdf,Oyo_ATISBO-SAKI-EAST-AND-SAKI-WEST.pdf,True,
Oyo,egbeda-ona-ara,https://www.inecnigeria.org/wp-content/uploads/2019/10/EGBEDA-ONA-ARA.pdf,Oyo_EGBEDA-ONA-ARA.pdf,True,
Oyo,ibadan north east-se,https://www.inecnigeria.org/wp-content/uploads/2019/10/IBADAN-NORTH-EAST-SE.pdf,Oyo_IBADAN-NORTH-EAST-SE.pdf,True,
Oyo,ibadan north,https://www.inecnigeria.org/wp-content/uploads/2019/10/IBADAN-NORTH.pdf,Oyo_IBADAN-NORTH.pdf,True,
Oyo,ibadan south west-ibadan north,https://www.inecnigeria.org/wp-content/uploads/2019/10/IBADAN-SOUTH-WEST-IBADAN-NORTH.pdf,Oyo_IBADAN-SOUTH-WEST-IBADAN-NORTH.pdf,True,
Oyo,ibarapa central-north,https://www.inecnigeria.org/wp-content/uploads/2019/10/IBARAPA-CENTRAL-NORTH.pdf,Oyo_IBARAPA-CENTRAL-NORTH.pdf,True,
Oyo,ibarapa east-ido,https://www.inecnigeria.org/wp-content/uploads/2019/10/IBARAPA-EAST-IDO.pdf,Oyo_IBARAPA-EAST-IDO.pdf,True,
Oyo,irepo-orelope-olorunsogo,https://www.inecnigeria.org/wp-content/uploads/2019/10/irepo-orelope-olorunsogo.pdf,Oyo_irepo-orelope-olorunsogo.pdf,True,
Oyo,iseyin-itesiwaju-kajola-iwajowa,https://www.inecnigeria.org/wp-content/uploads/2019/10/ISEYIN-ITESIWAJU-KAJOLA-IWAJOWA.pdf,Oyo_ISEYIN-ITESIWAJU-KAJOLA-IWAJOWA.pdf,True,
Oyo,ogbomoso north-ogbomoso south,https://www.inecnigeria.org/wp-content/uploads/2019/10/OGBOMOSO-NORTH-OGBOMOSO-SOUTH.pdf,Oyo_OGBOMOSO-NORTH-OGBOMOSO-SOUTH.pdf,True,
Oyo,ogo-oluwa-surulere,https://www.inecnigeria.org/wp-content/uploads/2019/10/OGO-OLUWA-SURULERE.pdf,Oyo_OGO-OLUWA-SURULERE.pdf,True,
Oyo,oluyole,https://www.inecnigeria.org/wp-content/uploads/2019/10/OLUYOLE.pdf,Oyo_OLUYOLE.pdf,True,
Oyo,oyo central,https://www.inecnigeria.org/wp-content/uploads/2019/10/OYO-CENTRAL.pdf,Oyo_OYO-CENTRAL.pdf,True,
Oyo,oyo north,https://www.inecnigeria.org/wp-content/uploads/2019/10/OYO-NORTH.pdf,Oyo_OYO-NORTH.pdf,True,
Oyo,oyo south,https://www.inecnigeria.org/wp-content/uploads/2019/10/OYO-SOUTH.pdf,Oyo_OYO-SOUTH.pdf,True,
Plateau,barkin ladi riyom,https://www.inecnigeria.org/wp-content/uploads/2019/10/Barkin-Ladi-Riyom-1.pdf,Plateau_Barkin-Ladi-Riyom-1.pdf,True,
Plateau,bokkos mangu,https://www.inecnigeria.org/wp-content/uploads/2019/10/Bokkos-Mangu.pdf,Plateau_Bokkos-Mangu.pdf,True,
Plateau,jos north bassa,https://www.inecnigeria.org/wp-content/uploads/2019/10/Jos-north-bassa.pdf,Plateau_Jos-north-bassa.pdf,True,
Plateau,jos south jos east,https://www.inecnigeria.org/wp-content/uploads/2019/10/Jos-South-Jos-East.pdf,Plateau_Jos-South-Jos-East.pdf,True,
Plateau,kanke pannshin kanam,https://www.inecnigeria.org/wp-content/uploads/2019/10/kanke-pannshin-kanam.pdf,Plateau_kanke-pannshin-kanam.pdf,True,
Plateau,langtang north langtang south,https://www.inecnigeria.org/wp-content/uploads/2019/10/Langtang-North-Langtang-South.pdf,Plateau_Langtang-North-Langtang-South.pdf,True,
Plateau,mikang qua’an pan shedam,https://www.inecnigeria.org/wp-content/uploads/2019/10/Mikang-Quaan-Pan-Shedam.pdf,Plateau_Mikang-Quaan-Pan-Shedam.pdf,True,
Plateau,wase,https://www.inecnigeria.org/wp-content/uploads/2019/10/Wase.pdf,Plateau_Wase.pdf,True,
Rivers,abua odua ahoda east,https://www.inecnigeria.org/wp-content/uploads/2019/10/ABUA-ODUA-AHODA-EAST.pdf,Rivers_ABUA-ODUA-AHODA-EAST.pdf,True,
Rivers,ahoada west ogba egbema,https://www.inecnigeria.org/wp-content/uploads/2019/10/AHOADA-WEST-OGBA-EGBEMA.pdf,Rivers_AHOADA-WEST-OGBA-EGBEMA.pdf,True,
Rivers,akuku toru asari toru,https://www.inecnigeria.org/wp-content/uploads/2019/10/AKUKU-TORU-ASARI-TORU.pdf,Rivers_AKUKU-TORU-ASARI-TORU.pdf,True,
Rivers,andoni opobo nkoro,https://www.inecnigeria.org/wp-content/uploads/2019/10/ANDONI-OPOBO-NKORO.pdf,Rivers_ANDONI-OPOBO-NKORO.pdf,True,
Rivers,degema bonny,https://www.inecnigeria.org/wp-content/uploads/2019/10/DEGEMA-BONNY.pdf,Rivers_DEGEMA-BONNY.pdf,True,
Rivers,eleme tai oyigbo,https://www.inecnigeria.org/wp-content/uploads/2019/10/ELEME-TAI-OYIGBO.pdf,Rivers_ELEME-TAI-OYIGBO.pdf,True,
Rivers,etche omuma,https://www.inecnigeria.org/wp-content/uploads/2019/10/ETCHE-OMUMA.pdf,Rivers_ETCHE-OMUMA.pdf,True,
Rivers,ikwere emohua,https://www.inecnigeria.org/wp-content/uploads/2019/10/IKWERE-EMOHUA.pdf,Rivers_IKWERE-EMOHUA.pdf,True,
Rivers,khana gokana,https://www.inecnigeria.org/wp-content/uploads/2019/10/KHANA-GOKANA.pdf,Rivers_KHANA-GOKANA.pdf,True,
Rivers,obio akpor,https://www.inecnigeria.org/wp-content/uploads/2019/10/OBIO-AKPOR.pdf,Rivers_OBIO-AKPOR.pdf,True,
Rivers,okirika ogu bolo,https://www.inecnigeria.org/wp-content/uploads/2019/10/OKIRIKA-OGU-BOLO.pdf,Rivers_OKIRIKA-OGU-BOLO.pdf,True,
Rivers,port harcourt i,https://www.inecnigeria.org/wp-content/uploads/2019/10/PORT-HARCOURT-I.pdf,Rivers_PORT-HARCOURT-I.pdf,True,
Rivers,port harcourt II,https://www.inecnigeria.org/wp-content/uploads/2019/10/PORT-HARCOURT-II.pdf,Rivers_PORT-HARCOURT-II.pdf,True,
Sokoto,binji silame,https://www.inecnigeria.org/wp-content/uploads/2019/10/BINJI-SILAME.pdf,Sokoto_BINJI-SILAME.pdf,True,
Sokoto,dange-shuni bodinga tureta,https://www.inecnigeria.org/wp-content/uploads/2019/10/DANGE-SHUNI-BODINGA-TURETA.pdf,Sokoto_DANGE-SHUNI-BODINGA-TURETA.pdf,True,
Sokoto,goronyo gada,https://www.inecnigeria.org/wp-content/uploads/2019/10/GORONYO-GADA.pdf,Sokoto_GORONYO-GADA.pdf,True,
Sokoto,illela gwadabawa,https://www.inecnigeria.org/wp-content/uploads/2019/10/ILLELA-GWADABAWA.pdf,Sokoto_ILLELA-GWADABAWA.pdf,True,
Sokoto,isa sabon birni,https://www.inecnigeria.org/wp-content/uploads/2019/10/ISA-SABON-BIRNI.pdf,Sokoto_ISA-SABON-BIRNI.pdf,True,
Sokoto,kebbe tambuwal,https://www.inecnigeria.org/wp-content/uploads/2019/10/KEBBE-TAMBUWAL.pdf,Sokoto_KEBBE-TAMBUWAL.pdf,True,
Sokoto,kware wamakko,https://www.inecnigeria.org/wp-content/uploads/2019/10/KWARE-WAMAKKO.pdf,Sokoto_KWARE-WAMAKKO.pdf,True,
Sokoto,sokoto north sokoto south,https://www.inecnigeria.org/wp-content/uploads/2019/10/SOKOTO-NORTH-SOKOTO-SOUTH.pdf,Sokoto_SOKOTO-NORTH-SOKOTO-SOUTH.pdf,True,
Sokoto,tangaza gudu,https://www.inecnigeria.org/wp-content/uploads/2019/10/TANGAZA-GUDU.pdf,Sokoto_TANGAZA-GUDU.pdf,True,
Sokoto,wurno rabah,https://www.inecnigeria.org/wp-content/uploads/2019/10/WURNO-RABAH.pdf,Sokoto_WURNO-RABAH.pdf,True,
Sokoto,yabo shagari,https://www.inecnigeria.org/wp-content/uploads/2019/10/YABO-SHAGARI.pdf,Sokoto_YABO-SHAGARI.pdf,True,
Taraba,bali gassol,https://www.inecnigeria.org/wp-content/uploads/2019/10/BALI-GASSOL.pdf,Taraba_BALI-GASSOL.pdf,True,
Taraba,jalingo-yorro,https://www.inecnigeria.org/wp-content/uploads/2019/10/JALINGO-YORRO.pdf,Taraba_JALINGO-YORRO.pdf,True,
Taraba,karim lamido lau ardo-kola,https://www.inecnigeria.org/wp-content/uploads/2019/10/KARIM-LAMIDO-LAU-ARDO-KOLA.pdf,Taraba_KARIM-LAMIDO-LAU-ARDO-KOLA.pdf,True,
Taraba,sakdaunak-kurmi,https://www.inecnigeria.org/wp-content/uploads/2019/10/SAKDAUNAK-KURMI.pdf,Taraba_SAKDAUNAK-KURMI.pdf,True,
Taraba,takum donga ussa,https://www.inecnigeria.org/wp-content/uploads/2019/10/TAKUM-DONGA-USSA.pdf,Taraba_TAKUM-DONGA-USSA.pdf,True,
Taraba,wukari-ibi III,https://www.inecnigeria.org/wp-content/uploads/2019/10/WUKARI-IBIIII.pdf,Taraba_WUKARI-IBIIII.pdf,True,
Yobe,bade.jakusko,https://www.inecnigeria.org/wp-content/uploads/2019/10/BADE.JAKUSKO.pdf,Yobe_BADE.JAKUSKO.pdf,True,
Yobe,bursari.geidam.yunusari,https://www.inecnigeria.org/wp-content/uploads/2019/10/BURSARI.GEIDAM.YUNUSARI.pdf,Yobe_BURSARI.GEIDAM.YUNUSARI.pdf,True,
Yobe,damaturu.gujba.gulani.tarmuwa,https://www.inecnigeria.org/wp-content/uploads/2019/10/DAMATURU.GUJBA_.GULANI.TARMUWA.pdf,Yobe_DAMATURU.GUJBA_.GULANI.TARMUWA.pdf,True,
Yobe,fika.fune,https://www.inecnigeria.org/wp-content/uploads/2019/10/FIKA.FUNE_.pdf,Yobe_FIKA.FUNE_.pdf,True,
Yobe,machina.nguru.yusufari.karasuwa,https://www.inecnigeria.org/wp-content/uploads/2019/10/MACHINA.NGURU_.YUSUFARI.KARASUWA.pdf,Yobe_MACHINA.NGURU_.YUSUFARI.KARASUWA.pdf,True,
Yobe,nangere.potiskum,https://www.inecnigeria.org/wp-content/uploads/2019/10/NANGERE.POTISKUM.pdf,Yobe_NANGERE.POTISKUM.pdf,True,
Zamfara,anka t.mafara fc,https://www.inecnigeria.org/wp-content/uploads/2019/10/ANKA-T.MAFARA-FC.pdf,Zamfara_ANKA-T.MAFARA-FC.pdf,True,
Zamfara,bakura maradun fc,https://www.inecnigeria.org/wp-content/uploads/2019/10/BAKURA-MARADUN-FC.pdf,Zamfara_BAKURA-MARADUN-FC.pdf,True,
Zamfara,bungudu maru,https://www.inecnigeria.org/wp-content/uploads/2019/10/BUNGUDU-MARU.pdf,Zamfara_BUNGUDU-MARU.pdf,True,
Zamfara,gummi bukk fc,https://www.inecnigeria.org/wp-content/uploads/2019/10/GUMMI-BUKK-FC.pdf,Zamfara_GUMMI-BUKK-FC.pdf,True,
Zamfara,gusau tsafe,https://www.inecnigeria.org/wp-content/uploads/2019/10/GUSAU-TSAFE.pdf,Zamfara_GUSAU-TSAFE.pdf,True,
Zamfara,k.namoda b. magaji,https://www.inecnigeria.org/wp-content/uploads/2019/10/K.NAMODA-B.-MAGAJI.pdf,Zamfara_K.NAMODA-B.-MAGAJI.pdf,True,
Zamfara,shinkafi zurmi fc,https://www.inecnigeria.org/wp-content/uploads/2019/10/SHINKAFI-ZURMI-FC.pdf,Zamfara_SHINKAFI-ZURMI-FC.pdf,True,
