state,lga,candidate,party,votes,percent
Adamawa,Girei,Ahmadu Umaru Fintiri,PDP,6938.0,
Adamawa,Girei,Bindo Jibrilla,APC,15171.0,
Adamawa,Yola South,Ahmadu Umaru Fintiri,PDP,18257.0,
Adamawa,Yola South,Bindo Jibrilla,APC,22129.0,
Adamawa,Song,Ahmadu Umaru Fintiri,PDP,25151.0,
Adamawa,Song,Bindo Jibrilla,APC,17845.0,
Adamawa,Lamurde,Ahmadu Umaru Fintiri,PDP,20138.0,
Adamawa,Lamurde,Bindo Jibrilla,APC,10182.0,
Adamawa,Fufore,Ahmadu Umaru Fintiri,PDP,17529.0,
Adamawa,Fufore,Bindo Jibrilla,APC,21972.0,
Adamawa,Hong,Ahmadu Umaru Fintiri,PDP,26556.0,
Adamawa,Hong,Bindo Jibrilla,APC,21407.0,
Adamawa,Shelleng,Ahmadu Umaru Fintiri,PDP,11377.0,
Adamawa,Shelleng,Bindo Jibrilla,APC,15944.0,
Adamawa,Ganye,Ahmadu Umaru Fintiri,PDP,17993.0,
Adamawa,Ganye,Bindo Jibrilla,APC,19151.0,
Adamawa,Guyuk,Ahmadu Umaru Fintiri,PDP,19022.0,
Adamawa,Guyuk,Bindo Jibrilla,APC,12504.0,
Adamawa,Toungo,Ahmadu Umaru Fintiri,PDP,6018.0,
Adamawa,Toungo,Bindo Jibrilla,APC,6564.0,
Adamawa,Michika,Ahmadu Umaru Fintiri,PDP,25617.0,
Adamawa,Michika,Bindo Jibrilla,APC,13511.0,
Adamawa,Madagali,Ahmadu Umaru Fintiri,PDP,17660.0,
Adamawa,Madagali,Bindo Jibrilla,APC,9365.0,
Adamawa,Numan,Ahmadu Umaru Fintiri,PDP,21922.0,
Adamawa,Numan,Bindo Jibrilla,APC,11642.0,
Adamawa,Mubi North,Ahmadu Umaru Fintiri,PDP,17567.0,
Adamawa,Mubi North,Bindo Jibrilla,APC,31805.0,
Adamawa,Mayo Belwa,Ahmadu Umaru Fintiri,PDP,19897.0,
Adamawa,Mayo Belwa,Bindo Jibrilla,APC,14198.0,
Adamawa,Yola North,Ahmadu Umaru Fintiri,PDP,24383.0,
Adamawa,Yola North,Bindo Jibrilla,APC,20979.0,
Adamawa,Mubi South,Ahmadu Umaru Fintiri,PDP,10420.0,
Adamawa,Mubi South,Bindo Jibrilla,APC,19825.0,
Adamawa,Maiha,Ahmadu Umaru Fintiri,PDP,8745.0,
Adamawa,Maiha,Bindo Jibrilla,APC,14939.0,
Adamawa,Jada,Ahmadu Umaru Fintiri,PDP,20076.0,
Adamawa,Jada,Bindo Jibrilla,APC,18006.0,
Adamawa,Demsa,Ahmadu Umaru Fintiri,PDP,22037.0,
Adamawa,Demsa,Bindo Jibrilla,APC,10342.0,
Adamawa,Gombi,Ahmadu Umaru Fintiri,PDP,12968.0,
Adamawa,Gombi,Bindo Jibrilla,APC,9347.0,
Akwa Ibom,Esit Eket,Udom Gabriel Emmanuel,PDP,13406.0,
Akwa Ibom,Esit Eket,Nsima Ekere,APC,3917.0,
Akwa Ibom,Ibeno,Udom Gabriel Emmanuel,PDP,10008.0,
Akwa Ibom,Ibeno,Nsima Ekere,APC,1442.0,
Akwa Ibom,Urue-Offong/Oruko,Udom Gabriel Emmanuel,PDP,6915.0,
Akwa Ibom,Urue-Offong/Oruko,Nsima Ekere,APC,4592.0,
Akwa Ibom,"Okobo, Akwa Ibom",Udom Gabriel Emmanuel,PDP,10800.0,
Akwa Ibom,"Okobo, Akwa Ibom",Nsima Ekere,APC,6079.0,
Akwa Ibom,Nsit-Ubium,Udom Gabriel Emmanuel,PDP,17863.0,
Akwa Ibom,Nsit-Ubium,Nsima Ekere,APC,6004.0,
Akwa Ibom,Onna,Udom Gabriel Emmanuel,PDP,32103.0,
Akwa Ibom,Onna,Nsima Ekere,APC,2110.0,
Akwa Ibom,Uruan,Udom Gabriel Emmanuel,PDP,12895.0,
Akwa Ibom,Uruan,Nsima Ekere,APC,5192.0,
Akwa Ibom,Nsit-Atai,Udom Gabriel Emmanuel,PDP,8855.0,
Akwa Ibom,Nsit-Atai,Nsima Ekere,APC,3783.0,
Akwa Ibom,Ikot-Abasi,Udom Gabriel Emmanuel,PDP,9335.0,
Akwa Ibom,Ikot-Abasi,Nsima Ekere,APC,7549.0,
Akwa Ibom,Obot-Akara,Udom Gabriel Emmanuel,PDP,13979.0,
Akwa Ibom,Obot-Akara,Nsima Ekere,APC,4704.0,
Akwa Ibom,Uyo,Udom Gabriel Emmanuel,PDP,35092.0,
Akwa Ibom,Abak,Udom Gabriel Emmanuel,PDP,17461.0,
Akwa Ibom,Abak,Nsima Ekere,APC,11505.0,
Akwa Ibom,"Ini, Akwa Ibom",Udom Gabriel Emmanuel,PDP,17335.0,
Akwa Ibom,"Ini, Akwa Ibom",Nsima Ekere,APC,3316.0,
Akwa Ibom,Nsit-Ibom,Udom Gabriel Emmanuel,PDP,17326.0,
Akwa Ibom,Nsit-Ibom,Nsima Ekere,APC,4816.0,
Akwa Ibom,"Mbo, Akwa Ibom",Udom Gabriel Emmanuel,PDP,9631.0,
Akwa Ibom,"Mbo, Akwa Ibom",Nsima Ekere,APC,5419.0,
Akwa Ibom,Eket,Udom Gabriel Emmanuel,PDP,26372.0,
Akwa Ibom,Eket,Nsima Ekere,APC,5087.0,
Akwa Ibom,Oruk Anam,Udom Gabriel Emmanuel,PDP,35093.0,
Akwa Ibom,Oruk Anam,Nsima Ekere,APC,8640.0,
Akwa Ibom,"Itu, Akwa Ibom",Udom Gabriel Emmanuel,PDP,14633.0,
Akwa Ibom,"Itu, Akwa Ibom",Nsima Ekere,APC,5911.0,
Akwa Ibom,Ukanafun,Udom Gabriel Emmanuel,PDP,35447.0,
Akwa Ibom,Ukanafun,Nsima Ekere,APC,7220.0,
Akwa Ibom,Etinan,Udom Gabriel Emmanuel,PDP,22954.0,
Akwa Ibom,Etinan,Nsima Ekere,APC,8089.0,
Akwa Ibom,Ibesikpo Asutan,Udom Gabriel Emmanuel,PDP,15679.0,
Akwa Ibom,Ibesikpo Asutan,Nsima Ekere,APC,11216.0,
Akwa Ibom,Udung-Uko,Udom Gabriel Emmanuel,PDP,4036.0,
Akwa Ibom,Udung-Uko,Nsima Ekere,APC,2108.0,
Akwa Ibom,Mkpat-Enin,Udom Gabriel Emmanuel,PDP,18056.0,
Akwa Ibom,Mkpat-Enin,Nsima Ekere,APC,4769.0,
Akwa Ibom,"Ika, Akwa Ibom",Udom Gabriel Emmanuel,PDP,12752.0,
Akwa Ibom,"Ika, Akwa Ibom",Nsima Ekere,APC,3212.0,
Akwa Ibom,"Oron, Akwa Ibom",Udom Gabriel Emmanuel,PDP,8433.0,
Akwa Ibom,"Oron, Akwa Ibom",Nsima Ekere,APC,3859.0,
Akwa Ibom,Ibiono-Ibom,Udom Gabriel Emmanuel,PDP,36988.0,
Akwa Ibom,Ibiono-Ibom,Nsima Ekere,APC,7280.0,
Akwa Ibom,Ikot Ekpene,Udom Gabriel Emmanuel,PDP,14832.0,
Akwa Ibom,Ikot Ekpene,Nsima Ekere,APC,11240.0,
Akwa Ibom,Etim Ekpo,Udom Gabriel Emmanuel,PDP,10149.0,
Akwa Ibom,Etim Ekpo,Nsima Ekere,APC,2776.0,
Akwa Ibom,Eastern Obolo,Udom Gabriel Emmanuel,PDP,10780.0,
Akwa Ibom,Eastern Obolo,Nsima Ekere,APC,1914.0,
Akwa Ibom,Ikono,Udom Gabriel Emmanuel,PDP,18910.0,
Akwa Ibom,Ikono,Nsima Ekere,APC,4498.0,
Akwa Ibom,Essien Udim,Udom Gabriel Emmanuel,PDP,2161.0,
Akwa Ibom,Essien Udim,Nsima Ekere,APC,6938.0,
Bayelsa,Yenagoa,David Lyon,APC,24607.0,
Bayelsa,Yenagoa,Douye Diri,PDP,19184.0,
Bayelsa,Brass,David Lyon,APC,23831.0,
Bayelsa,Brass,Douye Diri,PDP,10410.0,
Bayelsa,Nembe,David Lyon,APC,83041.0,
Bayelsa,Nembe,Douye Diri,PDP,874.0,
Bayelsa,Sagbama,David Lyon,APC,7831.0,
Bayelsa,Sagbama,Douye Diri,PDP,60339.0,
Bayelsa,Ogbia,David Lyon,APC,58016.0,
Bayelsa,Ogbia,Douye Diri,PDP,13763.0,
Bayelsa,Kolokuma/Opokuma,David Lyon,APC,8934.0,
Bayelsa,Kolokuma/Opokuma,Douye Diri,PDP,15360.0,
Bayelsa,Southern Ijaw,David Lyon,APC,124803.0,
Bayelsa,Southern Ijaw,Douye Diri,PDP,4898.0,
Bayelsa,Ekeremor,David Lyon,APC,21489.0,
Bayelsa,Ekeremor,Douye Diri,PDP,18344.0,
Benue,Oju,Samuel Ortom,PDP,13330.0,
Benue,Oju,Emmanuel Jime,APC,19134.0,
Benue,Obi,Samuel Ortom,PDP,9576.0,
Benue,Obi,Emmanuel Jime,APC,10247.0,
Benue,Gwer West,Samuel Ortom,PDP,14856.0,
Benue,Gwer West,Emmanuel Jime,APC,7429.0,
Benue,Ogbadibo,Samuel Ortom,PDP,8985.0,
Benue,Ogbadibo,Emmanuel Jime,APC,9259.0,
Benue,Gwer East,Samuel Ortom,PDP,19596.0,
Benue,Gwer East,Emmanuel Jime,APC,15291.0,
Benue,Ushongo,Samuel Ortom,PDP,22703.0,
Benue,Ushongo,Emmanuel Jime,APC,14683.0,
Benue,Ohimini,Samuel Ortom,PDP,7577.0,
Benue,Ohimini,Emmanuel Jime,APC,8675.0,
Benue,Agatu,Samuel Ortom,PDP,10079.0,
Benue,Agatu,Emmanuel Jime,APC,7538.0,
Benue,Apa,Samuel Ortom,PDP,8725.0,
Benue,Apa,Emmanuel Jime,APC,8636.0,
Benue,Otukpo,Samuel Ortom,PDP,13153.0,
Benue,Otukpo,Emmanuel Jime,APC,21785.0,
Benue,Tarka,Samuel Ortom,PDP,3177.0,
Benue,Tarka,Emmanuel Jime,APC,16600.0,
Benue,Ukum,Samuel Ortom,PDP,23156.0,
Benue,Ukum,Emmanuel Jime,APC,11790.0,
Benue,Katsina-Ala,Samuel Ortom,PDP,17980.0,
Benue,Katsina-Ala,Emmanuel Jime,APC,21614.0,
Benue,Ado,Samuel Ortom,PDP,10258.0,
Benue,Ado,Emmanuel Jime,APC,10135.0,
Benue,Guma,Samuel Ortom,PDP,29693.0,
Benue,Guma,Emmanuel Jime,APC,12005.0,
Benue,Gboko,Samuel Ortom,PDP,38241.0,
Benue,Gboko,Emmanuel Jime,APC,29802.0,
Benue,Makurdi,Samuel Ortom,PDP,29414.0,
Benue,Makurdi,Emmanuel Jime,APC,36517.0,
Benue,Logo,Samuel Ortom,PDP,30803.0,
Benue,Logo,Emmanuel Jime,APC,4586.0,
Benue,Buruku,Samuel Ortom,PDP,29656.0,
Benue,Buruku,Emmanuel Jime,APC,13404.0,
Benue,Okpokwu,Samuel Ortom,PDP,11957.0,
Benue,Okpokwu,Emmanuel Jime,APC,9641.0,
Benue,Kwande,Samuel Ortom,PDP,29241.0,
Benue,Kwande,Emmanuel Jime,APC,22786.0,
Benue,Vandeikya,Samuel Ortom,PDP,27725.0,
Benue,Vandeikya,Emmanuel Jime,APC,19079.0,
Benue,Konshisha,Samuel Ortom,PDP,21980.0,
Benue,Konshisha,Emmanuel Jime,APC,13802.0,
Borno,Abadam,Babagana Umara Zulum,APC,9968.0,
Borno,Abadam,Mohammad Imam,PDP,50.0,
Borno,Askira/Uba,Babagana Umara Zulum,APC,58719.0,
Borno,Askira/Uba,Mohammad Imam,PDP,9800.0,
Borno,Bayo,Babagana Umara Zulum,APC,33752.0,
Borno,Bayo,Mohammad Imam,PDP,1903.0,
Borno,Biu,Babagana Umara Zulum,APC,46794.0,
Borno,Biu,Mohammad Imam,PDP,5597.0,
Borno,Damboa,Babagana Umara Zulum,APC,36617.0,
Borno,Damboa,Mohammad Imam,PDP,721.0,
Borno,Gwoza,Babagana Umara Zulum,APC,120213.0,
Borno,Gwoza,Mohammad Imam,PDP,3118.0,
Borno,Gubio,Babagana Umara Zulum,APC,33203.0,
Borno,Gubio,Mohammad Imam,PDP,419.0,
Borno,Guzamala,Babagana Umara Zulum,APC,28030.0,
Borno,Guzamala,Mohammad Imam,PDP,277.0,
Borno,Dikwa,Babagana Umara Zulum,APC,22138.0,
Borno,Dikwa,Mohammad Imam,PDP,1542.0,
Borno,Kaga,Babagana Umara Zulum,APC,16647.0,
Borno,Kaga,Mohammad Imam,PDP,1166.0,
Borno,Kala/Balge,Babagana Umara Zulum,APC,35780.0,
Borno,Kala/Balge,Mohammad Imam,PDP,497.0,
Borno,Kukawa,Babagana Umara Zulum,APC,29040.0,
Borno,Kukawa,Mohammad Imam,PDP,344.0,
Borno,Kwaya Kusar,Babagana Umara Zulum,APC,19790.0,
Borno,Kwaya Kusar,Mohammad Imam,PDP,6860.0,
Borno,Mafa,Babagana Umara Zulum,APC,53011.0,
Borno,Mafa,Mohammad Imam,PDP,163.0,
Borno,Magumeri,Babagana Umara Zulum,APC,22261.0,
Borno,Magumeri,Mohammad Imam,PDP,123.0,
Borno,Marte,Babagana Umara Zulum,APC,19329.0,
Borno,Marte,Mohammad Imam,PDP,173.0,
Borno,Mobbar,Babagana Umara Zulum,APC,35828.0,
Borno,Mobbar,Mohammad Imam,PDP,622.0,
Borno,Monguno,Babagana Umara Zulum,APC,41999.0,
Borno,Monguno,Mohammad Imam,PDP,493.0,
Borno,Ngala,Babagana Umara Zulum,APC,42301.0,
Borno,Ngala,Mohammad Imam,PDP,1910.0,
Borno,Nganzai,Babagana Umara Zulum,APC,20196.0,
Borno,Nganzai,Mohammad Imam,PDP,907.0,
Borno,Chibok,Babagana Umara Zulum,APC,19370.0,
Borno,Chibok,Mohammad Imam,PDP,1804.0,
Borno,Konduga,Babagana Umara Zulum,APC,31484.0,
Borno,Konduga,Mohammad Imam,PDP,2407.0,
Borno,Jere,Babagana Umara Zulum,APC,122384.0,
Borno,Jere,Mohammad Imam,PDP,3440.0,
Borno,Bama,Babagana Umara Zulum,APC,54783.0,
Borno,Bama,Mohammad Imam,PDP,1036.0,
Borno,Hawul,Babagana Umara Zulum,APC,29845.0,
Borno,Hawul,Mohammad Imam,PDP,7039.0,
Borno,Maiduguri,Babagana Umara Zulum,APC,168952.0,
Borno,Maiduguri,Mohammad Imam,PDP,5493.0,
Borno,Shani,Babagana Umara Zulum,APC,23006.0,
Borno,Shani,Mohammad Imam,PDP,8205.0,
Ebonyi,Onicha,Dave Umahi,PDP,52851.0,
Ebonyi,Onicha,Sonni Ogbuoji,APC,2497.0,
Ebonyi,Ohaozara,Dave Umahi,PDP,48256.0,
Ebonyi,Ohaozara,Sonni Ogbuoji,APC,1004.0,
Ebonyi,Ikwo,Dave Umahi,PDP,37947.0,
Ebonyi,Ikwo,Sonni Ogbuoji,APC,11475.0,
Ebonyi,Izzi,Dave Umahi,PDP,34199.0,
Ebonyi,Izzi,Sonni Ogbuoji,APC,13430.0,
Ebonyi,Ohaukwu,Dave Umahi,PDP,30606.0,
Ebonyi,Ohaukwu,Sonni Ogbuoji,APC,9943.0,
Ebonyi,Afikpo South,Dave Umahi,PDP,27720.0,
Ebonyi,Afikpo South,Sonni Ogbuoji,APC,9275.0,
Ebonyi,Ezza South,Dave Umahi,PDP,27583.0,
Ebonyi,Ezza South,Sonni Ogbuoji,APC,3245.0,
Ebonyi,Ishielu,Dave Umahi,PDP,26700.0,
Ebonyi,Ishielu,Sonni Ogbuoji,APC,3105.0,
Ebonyi,Abakaliki,Dave Umahi,PDP,26809.0,
Ebonyi,Abakaliki,Sonni Ogbuoji,APC,9815.0,
Ebonyi,Ebonyi,Dave Umahi,PDP,25830.0,
Ebonyi,Ebonyi,Sonni Ogbuoji,APC,5951.0,
Ebonyi,Afikpo North,Dave Umahi,PDP,21245.0,
Ebonyi,Afikpo North,Sonni Ogbuoji,APC,7446.0,
Ebonyi,Ivo,Dave Umahi,PDP,19166.0,
Ebonyi,Ivo,Sonni Ogbuoji,APC,2055.0,
Ebonyi,Ezza North,Dave Umahi,PDP,14181.0,
Ebonyi,Ezza North,Sonni Ogbuoji,APC,2482.0,
Gombe,Gombe,Muhammad Inuwa Yahaya,APC,68384.0,
Gombe,Gombe,Usman Bayero Nafada,PDP,21673.0,
Gombe,Shongom,Muhammad Inuwa Yahaya,APC,13463.0,
Gombe,Shongom,Usman Bayero Nafada,PDP,12993.0,
Gombe,Yamaltu/Deba,Muhammad Inuwa Yahaya,APC,51521.0,
Gombe,Yamaltu/Deba,Usman Bayero Nafada,PDP,25852.0,
Gombe,Akko,Muhammad Inuwa Yahaya,APC,58479.0,
Gombe,Akko,Usman Bayero Nafada,PDP,30832.0,
Gombe,Balanga,Muhammad Inuwa Yahaya,APC,30926.0,
Gombe,Balanga,Usman Bayero Nafada,PDP,18192.0,
Gombe,Dukku,Muhammad Inuwa Yahaya,APC,27302.0,
Gombe,Dukku,Usman Bayero Nafada,PDP,16807.0,
Gombe,Kwami,Muhammad Inuwa Yahaya,APC,30539.0,
Gombe,Kwami,Usman Bayero Nafada,PDP,18240.0,
Gombe,Billiri,Muhammad Inuwa Yahaya,APC,18612.0,
Gombe,Billiri,Usman Bayero Nafada,PDP,18063.0,
Gombe,Funakaye,Muhammad Inuwa Yahaya,APC,29191.0,
Gombe,Funakaye,Usman Bayero Nafada,PDP,22259.0,
Gombe,Kaltungo,Muhammad Inuwa Yahaya,APC,26744.0,
Gombe,Kaltungo,Usman Bayero Nafada,PDP,22259.0,
Gombe,Nafada,Muhammad Inuwa Yahaya,APC,9018.0,
Gombe,Nafada,Usman Bayero Nafada,PDP,17937.0,
Jigawa,Gagarawa,Mohammed Badaru Abubakar,APC,15565.0,
Jigawa,Gagarawa,Aminu Ibrahim Ringim,PDP,8411.0,
Jigawa,Guri,Mohammed Badaru Abubakar,APC,20953.0,
Jigawa,Guri,Aminu Ibrahim Ringim,PDP,7410.0,
Jigawa,Buji,Mohammed Badaru Abubakar,APC,21406.0,
Jigawa,Buji,Aminu Ibrahim Ringim,PDP,9389.0,
Jigawa,Gwiwa,Mohammed Badaru Abubakar,APC,24235.0,
Jigawa,Gwiwa,Aminu Ibrahim Ringim,PDP,7746.0,
Jigawa,Gumel,Mohammed Badaru Abubakar,APC,15800.0,
Jigawa,Gumel,Aminu Ibrahim Ringim,PDP,5298.0,
Jigawa,Auyo,Mohammed Badaru Abubakar,APC,27771.0,
Jigawa,Auyo,Aminu Ibrahim Ringim,PDP,7879.0,
Jigawa,Kazaure,Mohammed Badaru Abubakar,APC,22074.0,
Jigawa,Kazaure,Aminu Ibrahim Ringim,PDP,3216.0,
Jigawa,Taura,Mohammed Badaru Abubakar,APC,32735.0,
Jigawa,Taura,Aminu Ibrahim Ringim,PDP,11417.0,
Jigawa,Hadejia,Mohammed Badaru Abubakar,APC,27240.0,
Jigawa,Hadejia,Aminu Ibrahim Ringim,PDP,4399.0,
Jigawa,Miga,Mohammed Badaru Abubakar,APC,22746.0,
Jigawa,Miga,Aminu Ibrahim Ringim,PDP,9269.0,
Jigawa,Jahun,Mohammed Badaru Abubakar,APC,41937.0,
Jigawa,Jahun,Aminu Ibrahim Ringim,PDP,16119.0,
Jigawa,Garki,Mohammed Badaru Abubakar,APC,33674.0,
Jigawa,Garki,Aminu Ibrahim Ringim,PDP,15147.0,
Jigawa,Guri,Mohammed Badaru Abubakar,APC,20953.0,
Jigawa,Guri,Aminu Ibrahim Ringim,PDP,7410.0,
Jigawa,Malam Madori,Mohammed Badaru Abubakar,APC,27616.0,
Jigawa,Malam Madori,Aminu Ibrahim Ringim,PDP,7397.0,
Jigawa,Kaugama,Mohammed Badaru Abubakar,APC,26025.0,
Jigawa,Kaugama,Aminu Ibrahim Ringim,PDP,7384.0,
Jigawa,Sule Tankarkar,Mohammed Badaru Abubakar,APC,32154.0,
Jigawa,Sule Tankarkar,Aminu Ibrahim Ringim,PDP,12543.0,
Jigawa,Dutse,Mohammed Badaru Abubakar,APC,43165.0,
Jigawa,Dutse,Aminu Ibrahim Ringim,PDP,15108.0,
Jigawa,Babura,Mohammed Badaru Abubakar,APC,43601.0,
Jigawa,Babura,Aminu Ibrahim Ringim,PDP,9131.0,
Jigawa,Kiri Kasama,Mohammed Badaru Abubakar,APC,26338.0,
Jigawa,Kiri Kasama,Aminu Ibrahim Ringim,PDP,9333.0,
Jigawa,Yankwashi,Mohammed Badaru Abubakar,APC,11880.0,
Jigawa,Yankwashi,Aminu Ibrahim Ringim,PDP,5677.0,
Jigawa,Ringim,Mohammed Badaru Abubakar,APC,41481.0,
Jigawa,Ringim,Aminu Ibrahim Ringim,PDP,28035.0,
Jigawa,Roni,Mohammed Badaru Abubakar,APC,19516.0,
Jigawa,Roni,Aminu Ibrahim Ringim,PDP,5013.0,
Jigawa,Gwaram,Mohammed Badaru Abubakar,APC,58210.0,
Jigawa,Gwaram,Aminu Ibrahim Ringim,PDP,12538.0,
Jigawa,Biriniwa,Mohammed Badaru Abubakar,APC,24993.0,
Jigawa,Biriniwa,Aminu Ibrahim Ringim,PDP,12227.0,
Jigawa,Kiyawa,Mohammed Badaru Abubakar,APC,36255.0,
Jigawa,Kiyawa,Aminu Ibrahim Ringim,PDP,12866.0,
Jigawa,Kafin Hausa,Mohammed Badaru Abubakar,APC,38989.0,
Jigawa,Kafin Hausa,Aminu Ibrahim Ringim,PDP,10133.0,
Jigawa,Birnin Kudu,Mohammed Badaru Abubakar,APC,48401.0,
Jigawa,Birnin Kudu,Aminu Ibrahim Ringim,PDP,22777.0,
Jigawa,Maigatari,Mohammed Badaru Abubakar,APC,26126.0,
Jigawa,Maigatari,Aminu Ibrahim Ringim,PDP,12494.0,
Katsina,Dutsi,Aminu Bello Masari,APC,22482.0,
Katsina,Dutsi,Garba Yakubu Lado,PDP,10564.0,
Katsina,Matazu,Aminu Bello Masari,APC,28253.0,
Katsina,Matazu,Garba Yakubu Lado,PDP,10327.0,
Katsina,Sandamu,Aminu Bello Masari,APC,32193.0,
Katsina,Sandamu,Garba Yakubu Lado,PDP,11912.0,
Katsina,Kusada,Aminu Bello Masari,APC,20799.0,
Katsina,Kusada,Garba Yakubu Lado,PDP,8080.0,
Katsina,Zango,Aminu Bello Masari,APC,23193.0,
Katsina,Zango,Garba Yakubu Lado,PDP,11662.0,
Katsina,Rimi,Aminu Bello Masari,APC,36276.0,
Katsina,Rimi,Garba Yakubu Lado,PDP,12496.0,
Katsina,Ingawa,Aminu Bello Masari,APC,28905.0,
Katsina,Ingawa,Garba Yakubu Lado,PDP,12602.0,
Katsina,Baure,Aminu Bello Masari,APC,41076.0,
Katsina,Baure,Garba Yakubu Lado,PDP,18012.0,
Katsina,Mani,Aminu Bello Masari,APC,34254.0,
Katsina,Mani,Garba Yakubu Lado,PDP,16476.0,
Katsina,Katsina,Aminu Bello Masari,APC,64709.0,
Katsina,Katsina,Garba Yakubu Lado,PDP,16734.0,
Katsina,Jibia,Aminu Bello Masari,APC,30538.0,
Katsina,Jibia,Garba Yakubu Lado,PDP,12616.0,
Katsina,Dan Musa,Aminu Bello Masari,APC,28008.0,
Katsina,Dan Musa,Garba Yakubu Lado,PDP,10306.0,
Katsina,Batagarawa,Aminu Bello Masari,APC,39420.0,
Katsina,Batagarawa,Garba Yakubu Lado,PDP,12512.0,
Katsina,Kankia,Aminu Bello Masari,APC,29096.0,
Katsina,Kankia,Garba Yakubu Lado,PDP,14706.0,
Katsina,Mai'Adua,Aminu Bello Masari,APC,34154.0,
Katsina,Mai'Adua,Garba Yakubu Lado,PDP,12904.0,
Katsina,Batsari,Aminu Bello Masari,APC,33742.0,
Katsina,Batsari,Garba Yakubu Lado,PDP,14142.0,
Katsina,Kaita,Aminu Bello Masari,APC,27076.0,
Katsina,Kaita,Garba Yakubu Lado,PDP,11479.0,
Katsina,Mashi,Aminu Bello Masari,APC,34695.0,
Katsina,Mashi,Garba Yakubu Lado,PDP,19255.0,
Katsina,Dandume,Aminu Bello Masari,APC,32560.0,
Katsina,Dandume,Garba Yakubu Lado,PDP,13533.0,
Katsina,Bindawa,Aminu Bello Masari,APC,34659.0,
Katsina,Bindawa,Garba Yakubu Lado,PDP,13183.0,
Katsina,Dutsin-Ma,Aminu Bello Masari,APC,32568.0,
Katsina,Dutsin-Ma,Garba Yakubu Lado,PDP,16246.0,
Katsina,Musawa,Aminu Bello Masari,APC,32276.0,
Katsina,Musawa,Garba Yakubu Lado,PDP,10151.0,
Katsina,Kurfi,Aminu Bello Masari,APC,24994.0,
Katsina,Kurfi,Garba Yakubu Lado,PDP,12815.0,
Katsina,Safana,Aminu Bello Masari,APC,26807.0,
Katsina,Safana,Garba Yakubu Lado,PDP,10657.0,
Katsina,Daura,Aminu Bello Masari,APC,31361.0,
Katsina,Daura,Garba Yakubu Lado,PDP,8298.0,
Katsina,Faskari,Aminu Bello Masari,APC,45777.0,
Katsina,Faskari,Garba Yakubu Lado,PDP,20329.0,
Katsina,Sabuwa,Aminu Bello Masari,APC,22359.0,
Katsina,Sabuwa,Garba Yakubu Lado,PDP,14384.0,
Katsina,Danja,Aminu Bello Masari,APC,36467.0,
Katsina,Danja,Garba Yakubu Lado,PDP,17845.0,
Katsina,Funtua,Aminu Bello Masari,APC,43883.0,
Katsina,Funtua,Garba Yakubu Lado,PDP,16597.0,
Katsina,Malumfashi,Aminu Bello Masari,APC,56008.0,
Katsina,Malumfashi,Garba Yakubu Lado,PDP,21132.0,
Katsina,Bakori,Aminu Bello Masari,APC,44143.0,
Katsina,Bakori,Garba Yakubu Lado,PDP,20237.0,
Katsina,Charanchi,Aminu Bello Masari,APC,24692.0,
Katsina,Charanchi,Garba Yakubu Lado,PDP,9781.0,
Katsina,Kankara,Aminu Bello Masari,APC,43341.0,
Katsina,Kankara,Garba Yakubu Lado,PDP,23856.0,
Katsina,Kafur,Aminu Bello Masari,APC,58148.0,
Katsina,Kafur,Garba Yakubu Lado,PDP,22792.0,
Kebbi,Yauri,Abubakar Atiku Bagudu,APC,25011.0,
Kebbi,Yauri,Isa Mohammed Galaudu,PDP,1574.0,
Kebbi,Arewa,Abubakar Atiku Bagudu,APC,35991.0,
Kebbi,Arewa,Isa Mohammed Galaudu,PDP,10994.0,
Kebbi,Gwandu,Abubakar Atiku Bagudu,APC,30720.0,
Kebbi,Gwandu,Isa Mohammed Galaudu,PDP,4526.0,
Kebbi,Birnin Kebbi,Abubakar Atiku Bagudu,APC,79092.0,
Kebbi,Birnin Kebbi,Isa Mohammed Galaudu,PDP,6010.0,
Kebbi,Argungu,Abubakar Atiku Bagudu,APC,30101.0,
Kebbi,Argungu,Isa Mohammed Galaudu,PDP,23397.0,
Kebbi,Aleiro,Abubakar Atiku Bagudu,APC,21923.0,
Kebbi,Aleiro,Isa Mohammed Galaudu,PDP,3479.0,
Kebbi,Suru,Abubakar Atiku Bagudu,APC,39359.0,
Kebbi,Suru,Isa Mohammed Galaudu,PDP,5198.0,
Kebbi,Shanga,Abubakar Atiku Bagudu,APC,27012.0,
Kebbi,Shanga,Isa Mohammed Galaudu,PDP,3506.0,
Kebbi,Kalgo,Abubakar Atiku Bagudu,APC,21899.0,
Kebbi,Kalgo,Isa Mohammed Galaudu,PDP,805.0,
Kebbi,Augie,Abubakar Atiku Bagudu,APC,28479.0,
Kebbi,Augie,Isa Mohammed Galaudu,PDP,11875.0,
Kebbi,Bunza,Abubakar Atiku Bagudu,APC,23980.0,
Kebbi,Bunza,Isa Mohammed Galaudu,PDP,2114.0,
Kebbi,Dandi,Abubakar Atiku Bagudu,APC,33315.0,
Kebbi,Dandi,Isa Mohammed Galaudu,PDP,5929.0,
Kebbi,Dandi,Abubakar Atiku Bagudu,APC,33315.0,
Kebbi,Dandi,Isa Mohammed Galaudu,PDP,5929.0,
Kebbi,Sakaba,Abubakar Atiku Bagudu,APC,19182.0,
Kebbi,Sakaba,Isa Mohammed Galaudu,PDP,1746.0,
Kebbi,Zuru,Abubakar Atiku Bagudu,APC,25507.0,
Kebbi,Zuru,Isa Mohammed Galaudu,PDP,4578.0,
Kebbi,Jega,Abubakar Atiku Bagudu,APC,53807.0,
Kebbi,Jega,Isa Mohammed Galaudu,PDP,1774.0,
Kebbi,Maiyama,Abubakar Atiku Bagudu,APC,40217.0,
Kebbi,Maiyama,Isa Mohammed Galaudu,PDP,1477.0,
Kebbi,Bagudo,Abubakar Atiku Bagudu,APC,41556.0,
Kebbi,Bagudo,Isa Mohammed Galaudu,PDP,2581.0,
Kebbi,Ngaski,Abubakar Atiku Bagudu,APC,20917.0,
Kebbi,Ngaski,Isa Mohammed Galaudu,PDP,5516.0,
Kebbi,Fakai,Abubakar Atiku Bagudu,APC,14722.0,
Kebbi,Fakai,Isa Mohammed Galaudu,PDP,3729.0,
Kebbi,Wasagu/Danko,Abubakar Atiku Bagudu,APC,29625.0,
Kebbi,Wasagu/Danko,Isa Mohammed Galaudu,PDP,4609.0,
Kebbi,Koko/Besse,Abubakar Atiku Bagudu,APC,31392.0,
Kebbi,Koko/Besse,Isa Mohammed Galaudu,PDP,1216.0,
Kogi,Olamaboro,Yahaya Bello,APC,16876.0,
Kogi,Olamaboro,Musa Wada,PDP,8155.0,
Kogi,Idah,Yahaya Bello,APC,4602.0,
Kogi,Idah,Musa Wada,PDP,13962.0,
Kogi,Yagba West,Yahaya Bello,APC,7868.0,
Kogi,Yagba West,Musa Wada,PDP,8860.0,
Kogi,Ajaokuta,Yahaya Bello,APC,17952.0,
Kogi,Ajaokuta,Musa Wada,PDP,5565.0,
Kogi,Mopa-Muro,Yahaya Bello,APC,4953.0,
Kogi,Mopa-Muro,Musa Wada,PDP,3581.0,
Kogi,Okehi,Yahaya Bello,APC,36954.0,
Kogi,Okehi,Musa Wada,PDP,478.0,
Kogi,Yagba East,Yahaya Bello,APC,6735.0,
Kogi,Yagba East,Musa Wada,PDP,7546.0,
Kogi,Koton Karfe,Yahaya Bello,APC,14097.0,
Kogi,Koton Karfe,Musa Wada,PDP,9404.0,
Kogi,Kabba/Bunu,Yahaya Bello,APC,15364.0,
Kogi,Kabba/Bunu,Musa Wada,PDP,8084.0,
Kogi,Okene,Yahaya Bello,APC,112762.0,
Kogi,Okene,Musa Wada,PDP,139.0,
Kogi,Igalamela-Odolu,Yahaya Bello,APC,8075.0,
Kogi,Igalamela-Odolu,Musa Wada,PDP,11195.0,
Kogi,Adavi,Yahaya Bello,APC,64657.0,
Kogi,Adavi,Musa Wada,PDP,366.0,
Kogi,Omala,Yahaya Bello,APC,8473.0,
Kogi,Omala,Musa Wada,PDP,14403.0,
Kogi,Ijumu,Yahaya Bello,APC,11425.0,
Kogi,Ijumu,Musa Wada,PDP,7585.0,
Kogi,Ogori-Magongo,Yahaya Bello,APC,3679.0,
Kogi,Ogori-Magongo,Musa Wada,PDP,2145.0,
Kogi,Bassa,Yahaya Bello,APC,8386.0,
Kogi,Bassa,Musa Wada,PDP,9724.0,
Kogi,Ankpa,Yahaya Bello,APC,11269.0,
Kogi,Ankpa,Musa Wada,PDP,28108.0,
Kogi,Ofu,Yahaya Bello,APC,11006.0,
Kogi,Ofu,Musa Wada,PDP,12264.0,
Kogi,Dekina,Yahaya Bello,APC,8948.0,
Kogi,Dekina,Musa Wada,PDP,16575.0,
Kogi,Lokoja,Yahaya Bello,APC,19457.0,
Kogi,Lokoja,Musa Wada,PDP,11045.0,
Nasarawa,Wamba,Abdullahi Sule,APC,15706.0,
Nasarawa,Wamba,David Ombugadu,PDP,9332.0,
Nasarawa,Awe,Abdullahi Sule,APC,29443.0,
Nasarawa,Awe,David Ombugadu,PDP,9228.0,
Nasarawa,Keana,Abdullahi Sule,APC,11759.0,
Nasarawa,Keana,David Ombugadu,PDP,6579.0,
Nasarawa,Toto,Abdullahi Sule,APC,32213.0,
Nasarawa,Toto,David Ombugadu,PDP,8590.0,
Nasarawa,Kokona,Abdullahi Sule,APC,23027.0,
Nasarawa,Kokona,David Ombugadu,PDP,18971.0,
Nasarawa,Doma,Abdullahi Sule,APC,10029.0,
Nasarawa,Doma,David Ombugadu,PDP,10318.0,
Nasarawa,Keffi,Abdullahi Sule,APC,25589.0,
Nasarawa,Keffi,David Ombugadu,PDP,12419.0,
Nasarawa,Obi,Abdullahi Sule,APC,20640.0,
Nasarawa,Obi,David Ombugadu,PDP,17951.0,
Nasarawa,Nasarawa,Abdullahi Sule,APC,31586.0,
Nasarawa,Nasarawa,David Ombugadu,PDP,17406.0,
Nasarawa,Karu,Abdullahi Sule,APC,23207.0,
Nasarawa,Karu,David Ombugadu,PDP,21967.0,
Nasarawa,Akwanga,Abdullahi Sule,APC,21968.0,
Nasarawa,Akwanga,David Ombugadu,PDP,18402.0,
Nasarawa,Eggon,Abdullahi Sule,APC,11611.0,
Nasarawa,Eggon,David Ombugadu,PDP,14290.0,
Nasarawa,Lafia,Abdullahi Sule,APC,70451.0,
Nasarawa,Lafia,David Ombugadu,PDP,18827.0,
Niger,Gurara,Abubakar Sani Bello,APC,14649.0,
Niger,Gurara,Umar Nasko,PDP,7798.0,
Niger,Munya,Abubakar Sani Bello,APC,14879.0,
Niger,Munya,Umar Nasko,PDP,8458.0,
Niger,Tafa,Abubakar Sani Bello,APC,13111.0,
Niger,Tafa,Umar Nasko,PDP,8608.0,
Niger,Suleja,Abubakar Sani Bello,APC,19105.0,
Niger,Suleja,Umar Nasko,PDP,14975.0,
Niger,Katcha,Abubakar Sani Bello,APC,20171.0,
Niger,Katcha,Umar Nasko,PDP,9800.0,
Niger,Bosso,Abubakar Sani Bello,APC,19610.0,
Niger,Bosso,Umar Nasko,PDP,11470.0,
Niger,Paikoro,Abubakar Sani Bello,APC,21571.0,
Niger,Paikoro,Umar Nasko,PDP,13600.0,
Niger,Wushishi,Abubakar Sani Bello,APC,13199.0,
Niger,Wushishi,Umar Nasko,PDP,8309.0,
Niger,Lavun,Abubakar Sani Bello,APC,27345.0,
Niger,Lavun,Umar Nasko,PDP,15335.0,
Niger,Rijau,Abubakar Sani Bello,APC,22111.0,
Niger,Rijau,Umar Nasko,PDP,9566.0,
Niger,Edati,Abubakar Sani Bello,APC,19200.0,
Niger,Edati,Umar Nasko,PDP,10200.0,
Niger,Rafi,Abubakar Sani Bello,APC,28289.0,
Niger,Rafi,Umar Nasko,PDP,13372.0,
Niger,Chanchaga,Abubakar Sani Bello,APC,27764.0,
Niger,Chanchaga,Umar Nasko,PDP,21179.0,
Niger,Gbako,Abubakar Sani Bello,APC,24836.0,
Niger,Gbako,Umar Nasko,PDP,10623.0,
Niger,Agaie,Abubakar Sani Bello,APC,19295.0,
Niger,Agaie,Umar Nasko,PDP,16903.0,
Niger,Mashegu,Abubakar Sani Bello,APC,18102.0,
Niger,Mashegu,Umar Nasko,PDP,10988.0,
Niger,Mariga,Abubakar Sani Bello,APC,17890.0,
Niger,Mariga,Umar Nasko,PDP,13433.0,
Niger,Borgu,Abubakar Sani Bello,APC,25211.0,
Niger,Borgu,Umar Nasko,PDP,7206.0,
Niger,Magama,Abubakar Sani Bello,APC,20540.0,
Niger,Magama,Umar Nasko,PDP,17633.0,
Niger,Bida,Abubakar Sani Bello,APC,21493.0,
Niger,Bida,Umar Nasko,PDP,11212.0,
Niger,Agwara,Abubakar Sani Bello,APC,11236.0,
Niger,Agwara,Umar Nasko,PDP,5365.0,
Niger,Lapai,Abubakar Sani Bello,APC,24724.0,
Niger,Lapai,Umar Nasko,PDP,10599.0,
Niger,Shiroro,Abubakar Sani Bello,APC,28285.0,
Niger,Shiroro,Umar Nasko,PDP,16438.0,
Niger,Mokwa,Abubakar Sani Bello,APC,26679.0,
Niger,Mokwa,Umar Nasko,PDP,13155.0,
Niger,Kontagora,Abubakar Sani Bello,APC,27117.0,
Niger,Kontagora,Umar Nasko,PDP,11888.0,
Oyo,Ibadan North-West,Seyi Makinde,PDP,20715.0,
Oyo,Ibadan North-West,Adebayo Adelabu,APC,9690.0,
Oyo,Ibarapa East,Seyi Makinde,PDP,13002.0,
Oyo,Ibarapa East,Adebayo Adelabu,APC,8646.0,
Oyo,Atiba,Seyi Makinde,PDP,14636.0,
Oyo,Atiba,Adebayo Adelabu,APC,9690.0,
Oyo,Kajola,Seyi Makinde,PDP,13600.0,
Oyo,Kajola,Adebayo Adelabu,APC,12982.0,
Oyo,Ido,Seyi Makinde,PDP,16726.0,
Oyo,Ido,Adebayo Adelabu,APC,8585.0,
Oyo,Lagelu,Seyi Makinde,PDP,16217.0,
Oyo,Lagelu,Adebayo Adelabu,APC,11923.0,
Oyo,Iwajowa,Seyi Makinde,PDP,9358.0,
Oyo,Iwajowa,Adebayo Adelabu,APC,8459.0,
Oyo,Ogbomosho South,Seyi Makinde,PDP,11236.0,
Oyo,Ogbomosho South,Adebayo Adelabu,APC,10984.0,
Oyo,Afijio,Seyi Makinde,PDP,10515.0,
Oyo,Afijio,Adebayo Adelabu,APC,7591.0,
Oyo,Saki West,Seyi Makinde,PDP,21184.0,
Oyo,Saki West,Adebayo Adelabu,APC,15147.0,
Oyo,Ibadan South-East,Seyi Makinde,PDP,24556.0,
Oyo,Ibadan South-East,Adebayo Adelabu,APC,13277.0,
Oyo,Ori Ire,Seyi Makinde,PDP,9856.0,
Oyo,Ori Ire,Adebayo Adelabu,APC,15810.0,
Oyo,Ibarapa North,Seyi Makinde,PDP,11580.0,
Oyo,Ibarapa North,Adebayo Adelabu,APC,8644.0,
Oyo,Ibarapa Central,Seyi Makinde,PDP,10964.0,
Oyo,Ibarapa Central,Adebayo Adelabu,APC,7888.0,
Oyo,Orelope,Seyi Makinde,PDP,10460.0,
Oyo,Orelope,Adebayo Adelabu,APC,7546.0,
Oyo,Atisbo,Seyi Makinde,PDP,10026.0,
Oyo,Atisbo,Adebayo Adelabu,APC,9678.0,
Oyo,Surulere,Seyi Makinde,PDP,7505.0,
Oyo,Surulere,Adebayo Adelabu,APC,14168.0,
Oyo,Ogo Oluwa,Seyi Makinde,PDP,6152.0,
Oyo,Ogo Oluwa,Adebayo Adelabu,APC,9547.0,
Oyo,Ogbomosho North,Seyi Makinde,PDP,13035.0,
Oyo,Ogbomosho North,Adebayo Adelabu,APC,14442.0,
Oyo,Ibadan North,Seyi Makinde,PDP,40785.0,
Oyo,Ibadan North,Adebayo Adelabu,APC,18866.0,
Oyo,Egbeda,Seyi Makinde,PDP,24203.0,
Oyo,Egbeda,Adebayo Adelabu,APC,13581.0,
Oyo,Itesiwaju,Seyi Makinde,PDP,8612.0,
Oyo,Itesiwaju,Adebayo Adelabu,APC,6825.0,
Oyo,Irepo,Seyi Makinde,PDP,7633.0,
Oyo,Irepo,Adebayo Adelabu,APC,7862.0,
Oyo,Saki East,Seyi Makinde,PDP,8527.0,
Oyo,Saki East,Adebayo Adelabu,APC,6345.0,
Oyo,Oyo West,Seyi Makinde,PDP,12132.0,
Oyo,Oyo West,Adebayo Adelabu,APC,9756.0,
Oyo,Oyo East,Seyi Makinde,PDP,12580.0,
Oyo,Oyo East,Adebayo Adelabu,APC,8721.0,
Oyo,Oluyole,Seyi Makinde,PDP,18070.0,
Oyo,Oluyole,Adebayo Adelabu,APC,9477.0,
Oyo,Olorunsogo,Seyi Makinde,PDP,7554.0,
Oyo,Olorunsogo,Adebayo Adelabu,APC,5277.0,
Oyo,Ona Ara,Seyi Makinde,PDP,14430.0,
Oyo,Ona Ara,Adebayo Adelabu,APC,7848.0,
Oyo,Akinyele,Seyi Makinde,PDP,23423.0,
Oyo,Akinyele,Adebayo Adelabu,APC,12023.0,
Oyo,Iseyin,Seyi Makinde,PDP,21080.0,
Oyo,Iseyin,Adebayo Adelabu,APC,15435.0,
Oyo,Ibadan North-East,Seyi Makinde,PDP,30824.0,
Oyo,Ibadan North-East,Adebayo Adelabu,APC,12553.0,
Oyo,Ibadan South-West,Seyi Makinde,PDP,34445.0,
Oyo,Ibadan South-West,Adebayo Adelabu,APC,18183.0,
Plateau,Jos East,Simon Lalong,APC,18602.0,
Plateau,Jos East,Jeremiah Useni,PDP,7994.0,
Plateau,Kanke,Simon Lalong,APC,23360.0,
Plateau,Kanke,Jeremiah Useni,PDP,22831.0,
Plateau,Langtang North,Simon Lalong,APC,18979.0,
Plateau,Langtang North,Jeremiah Useni,PDP,40519.0,
Plateau,Barkin Ladi,Simon Lalong,APC,17080.0,
Plateau,Barkin Ladi,Jeremiah Useni,PDP,44529.0,
Plateau,Bokkos,Simon Lalong,APC,27561.0,
Plateau,Bokkos,Jeremiah Useni,PDP,26700.0,
Plateau,Bassa,Simon Lalong,APC,30441.0,
Plateau,Bassa,Jeremiah Useni,PDP,33192.0,
Plateau,Langtang South,Simon Lalong,APC,14470.0,
Plateau,Langtang South,Jeremiah Useni,PDP,18868.0,
Plateau,Pankshin,Simon Lalong,APC,36215.0,
Plateau,Pankshin,Jeremiah Useni,PDP,24939.0,
Plateau,Mikang,Simon Lalong,APC,15150.0,
Plateau,Mikang,Jeremiah Useni,PDP,11703.0,
Plateau,Kanam,Simon Lalong,APC,55338.0,
Plateau,Kanam,Jeremiah Useni,PDP,22432.0,
Plateau,Jos South,Simon Lalong,APC,33475.0,
Plateau,Jos South,Jeremiah Useni,PDP,91846.0,
Plateau,Jos North,Simon Lalong,APC,109161.0,
Plateau,Jos North,Jeremiah Useni,PDP,14290.0,
Plateau,Wase,Simon Lalong,APC,37593.0,
Plateau,Wase,Jeremiah Useni,PDP,27485.0,
Plateau,Mangu,Simon Lalong,APC,51895.0,
Plateau,Mangu,Jeremiah Useni,PDP,43555.0,
Plateau,Riyom,Simon Lalong,APC,12720.0,
Plateau,Riyom,Jeremiah Useni,PDP,24017.0,
Plateau,Qua'an Pan,Simon Lalong,APC,31962.0,
Plateau,Qua'an Pan,Jeremiah Useni,PDP,20939.0,
Plateau,Shendam,Simon Lalong,APC,61798.0,
Plateau,Shendam,Jeremiah Useni,PDP,17115.0,
Sokoto,Binji,Aminu Tambuwal,PDP,13406.0,
Sokoto,Binji,Ahmad Aliyu,APC,11216.0,
Sokoto,Bodinga,Aminu Tambuwal,PDP,21725.0,
Sokoto,Bodinga,Ahmad Aliyu,APC,21078.0,
Sokoto,Dange Shuni,Aminu Tambuwal,PDP,23409.0,
Sokoto,Dange Shuni,Ahmad Aliyu,APC,23990.0,
Sokoto,Gada,Aminu Tambuwal,PDP,24598.0,
Sokoto,Gada,Ahmad Aliyu,APC,30981.0,
Sokoto,Goronyo,Aminu Tambuwal,PDP,19915.0,
Sokoto,Goronyo,Ahmad Aliyu,APC,20867.0,
Sokoto,Gudu,Aminu Tambuwal,PDP,15077.0,
Sokoto,Gudu,Ahmad Aliyu,APC,12233.0,
Sokoto,Gwadabawa,Aminu Tambuwal,PDP,21866.0,
Sokoto,Gwadabawa,Ahmad Aliyu,APC,24928.0,
Sokoto,Illela,Aminu Tambuwal,PDP,20977.0,
Sokoto,Illela,Ahmad Aliyu,APC,26540.0,
Sokoto,Isa,Aminu Tambuwal,PDP,24009.0,
Sokoto,Isa,Ahmad Aliyu,APC,16830.0,
Sokoto,Kebbe,Aminu Tambuwal,PDP,9751.0,
Sokoto,Kebbe,Ahmad Aliyu,APC,11820.0,
Sokoto,Kware,Aminu Tambuwal,PDP,20197.0,
Sokoto,Kware,Ahmad Aliyu,APC,19212.0,
Sokoto,Rabah,Aminu Tambuwal,PDP,14551.0,
Sokoto,Rabah,Ahmad Aliyu,APC,17946.0,
Sokoto,Sabon Birni,Aminu Tambuwal,PDP,34282.0,
Sokoto,Sabon Birni,Ahmad Aliyu,APC,32257.0,
Sokoto,Shagari,Aminu Tambuwal,PDP,18222.0,
Sokoto,Shagari,Ahmad Aliyu,APC,19656.0,
Sokoto,Silame,Aminu Tambuwal,PDP,16757.0,
Sokoto,Silame,Ahmad Aliyu,APC,12845.0,
Sokoto,Sokoto North,Aminu Tambuwal,PDP,36813.0,
Sokoto,Sokoto North,Ahmad Aliyu,APC,33442.0,
Sokoto,Sokoto South,Aminu Tambuwal,PDP,40337.0,
Sokoto,Sokoto South,Ahmad Aliyu,APC,36092.0,
Sokoto,Tambuwal,Aminu Tambuwal,PDP,44474.0,
Sokoto,Tambuwal,Ahmad Aliyu,APC,30473.0,
Sokoto,Tangaza,Aminu Tambuwal,PDP,17661.0,
Sokoto,Tangaza,Ahmad Aliyu,APC,16374.0,
Sokoto,Tureta,Aminu Tambuwal,PDP,13255.0,
Sokoto,Tureta,Ahmad Aliyu,APC,11510.0,
Sokoto,Wamako,Aminu Tambuwal,PDP,26392.0,
Sokoto,Wamako,Ahmad Aliyu,APC,35251.0,
Sokoto,Wurno,Aminu Tambuwal,PDP,14201.0,
Sokoto,Wurno,Ahmad Aliyu,APC,20391.0,
Sokoto,Yabo,Aminu Tambuwal,PDP,13405.0,
Sokoto,Yabo,Ahmad Aliyu,APC,16122.0,
Yobe,Damaturu,Mai Mala Buni,APC,26087.0,
Yobe,Damaturu,Umar Iliya Damagum,PDP,3760.0,
Yobe,Geidam,Mai Mala Buni,APC,18724.0,
Yobe,Geidam,Umar Iliya Damagum,PDP,2760.0,
Yobe,Nguru,Mai Mala Buni,APC,28366.0,
Yobe,Nguru,Umar Iliya Damagum,PDP,19468.0,
Yobe,Bade,Mai Mala Buni,APC,32213.0,
Yobe,Bade,Umar Iliya Damagum,PDP,8854.0,
Yobe,Yunusari,Mai Mala Buni,APC,28858.0,
Yobe,Yunusari,Umar Iliya Damagum,PDP,893.0,
Yobe,Karasuwa,Mai Mala Buni,APC,24262.0,
Yobe,Karasuwa,Umar Iliya Damagum,PDP,2762.0,
Yobe,Yusufari,Mai Mala Buni,APC,22221.0,
Yobe,Yusufari,Umar Iliya Damagum,PDP,2964.0,
Yobe,Potiskum,Mai Mala Buni,APC,54773.0,
Yobe,Potiskum,Umar Iliya Damagum,PDP,5114.0,
Yobe,Fune,Mai Mala Buni,APC,36040.0,
Yobe,Fune,Umar Iliya Damagum,PDP,14327.0,
Yobe,Jakusko,Mai Mala Buni,APC,30828.0,
Yobe,Jakusko,Umar Iliya Damagum,PDP,5887.0,
Yobe,Bursari,Mai Mala Buni,APC,20657.0,
Yobe,Bursari,Umar Iliya Damagum,PDP,2813.0,
Yobe,Gulani,Mai Mala Buni,APC,21765.0,
Yobe,Gulani,Umar Iliya Damagum,PDP,4576.0,
Yobe,Fika,Mai Mala Buni,APC,36519.0,
Yobe,Fika,Umar Iliya Damagum,PDP,9552.0,
Yobe,Machina,Mai Mala Buni,APC,16950.0,
Yobe,Machina,Umar Iliya Damagum,PDP,2164.0,
Yobe,Nangere,Mai Mala Buni,APC,25698.0,
Yobe,Nangere,Umar Iliya Damagum,PDP,4765.0,
Yobe,Tarmuwa,Mai Mala Buni,APC,11338.0,
Yobe,Tarmuwa,Umar Iliya Damagum,PDP,3925.0,
Yobe,Gujba,Mai Mala Buni,APC,17714.0,
Yobe,Gujba,Umar Iliya Damagum,PDP,1119.0,
